pkt大小(Byte),用时(ns)
342,2.58665e+07
342,169501
81,15900
160,19100
64,8500
110,13200
74,9300
64,6200
92,8300
83,7800
162,12800
92,7600
108,10200
78,8200
153,15800
92,7100
92,5900
110,14100
110,9100
76,9200
182,17900
66,7100
58,4800
54,4200
151,18800
54,4000
233,25000
54,5400
54,3700
54,3100
91,8700
170,14500
159,15400
159,13100
66,6500
66,5000
54,4200
92,8800
1202,107201
654,61300
54,7200
1202,94000
60,6400
54,5400
264,26800
170,18400
212,22800
156,16600
282,27700
277,25500
297,27500
257,24000
108,12400
66,7600
66,6400
54,4800
1202,88401
60,6200
54,5000
264,22900
187,20400
270,26300
66,7900
66,6700
54,5000
301,27700
44,4900
54,4700
54,4800
54,4700
66,7000
66,5900
54,4700
69,7100
1202,102400
226,20300
54,5500
54,4700
54,4300
54,4500
66,7200
66,6000
54,4700
1202,88201
188,17300
54,6200
1202,88900
150,13100
54,5100
54,4800
54,4800
54,4300
764,61700
108,12700
97,10900
54,5200
54,4800
97,10000
54,4800
54,4300
66,7400
66,6800
54,5400
294,26700
304,25500
54,5000
54,4800
54,4500
66,6800
66,6000
54,4500
62,6400
1202,89401
257,20000
54,5200
54,4600
54,4600
54,4200
66,6700
66,6400
54,4400
1202,87000
139,15700
54,5700
1202,116800
168,16700
54,5200
54,3800
54,3800
54,3500
66,6500
66,4700
54,3500
1202,85601
313,24300
54,5900
1202,86700
292,23400
54,4900
54,3600
54,3600
54,3000
134,13300
213,16800
103,8600
182,12400
66,6400
66,4600
54,3700
66,5200
66,4500
54,3700
1202,86000
295,25500
54,5400
1202,87800
276,21301
54,4800
54,3600
54,3400
54,3300
1202,104100
92,10200
54,5300
264,22900
221,39800
232,28400
66,8400
66,6000
54,5200
1202,98400
110,11100
54,5500
264,22701
230,25900
212,22100
232,23600
206,20800
238,25500
986,108200
66,9200
66,7100
54,5500
162,33800
306,44200
66,8300
66,6600
54,5000
1202,91800
295,26500
54,5500
1202,91400
276,24400
54,6400
54,5300
54,5100
54,4900
66,7400
66,6300
54,4900
1202,88200
127,12500
54,15100
1202,93400
140,12700
54,5300
54,3900
54,3800
54,3300
1202,105501
1202,97400
54,5400
172,13700
314,29100
212,21500
138,15300
130,13900
330,41100
171,21700
160,17900
97,11100
54,12100
54,5600
54,4700
97,11100
54,4300
76,10200
92,9400
104,8700
146,55401
182,34500
54,4900
92,10400
126,14400
126,12500
126,13600
126,12500
54,4100
92,7800
74,7600
92,6300
74,6000
92,5900
90,8300
66,6100
58,4100
54,4000
73,8500
54,3900
1202,222700
1022,644001
54,17001
1202,690701
1022,253000
54,8200
1202,2.2532e+06
1202,92800
932,72901
54,6700
1202,88900
1022,82600
1112,79800
54,6000
54,5600
1112,89900
1112,76100
54,6501
54,4900
1112,72200
54,5500
1112,67300
54,5100
1112,72700
54,5500
1112,71200
54,5400
1112,71600
54,5200
1112,573801
54,11300
1112,545301
54,13500
1112,666201
54,10800
1112,620301
54,11100
1202,2.0263e+06
1022,313300
54,8800
1112,617801
54,10100
1112,283401
54,7700
1112,69200
54,11000
1112,98500
54,8000
1202,255501
1022,607401
54,21200
1112,750601
54,17000
1112,238301
54,7200
1202,122100
1022,123401
54,8300
1112,119700
54,7100
1112,104600
54,7200
1112,106900
54,7800
1112,93200
54,6301
1112,90400
54,6400
1112,89200
54,6400
1112,90200
54,5900
1112,89600
54,7000
1112,110800
54,8300
1112,177200
54,13801
1202,111900
1022,84100
54,6300
1112,125200
54,7400
1112,84000
54,5800
1112,80401
54,5600
1112,76200
54,5200
1112,76300
54,6700
1112,79200
54,5300
1112,78800
54,5000
1112,78400
54,6400
1112,76701
54,5200
1112,100000
54,7500
1112,95900
54,4800
1112,77600
54,39200
1112,134400
54,6100
1202,94500
1022,74401
54,6100
1112,83600
54,6000
1112,81000
54,5300
1112,96900
54,6900
1112,77000
54,5700
1112,75201
54,5400
1112,78200
54,5600
1112,673501
54,17100
1112,1.1704e+06
54,55100
1112,801302
54,13200
1112,233900
54,14800
1112,226000
54,7400
1112,206001
54,7400
1112,125300
54,7200
1112,111400
54,12300
1202,150801
1022,112400
54,12300
1202,135600
1202,152901
932,117500
1202,219000
1022,127801
54,13300
54,13200
1112,51100
54,12400
1112,71600
54,11100
1112,48100
54,12100
1202,158301
1022,127200
54,10700
1112,143200
54,11000
1112,115700
54,14000
1112,93900
54,6500
1112,68000
54,5800
1112,80700
54,6700
1112,76600
54,6100
1112,82500
54,5700
1112,80500
54,5600
1112,217300
54,7700
1112,212601
54,6900
1112,125300
54,6600
1112,173600
54,7000
1112,91300
54,6100
1112,108300
54,5700
1202,553001
1022,61100
54,6600
1112,240800
54,7400
1202,297300
1022,370201
54,12100
1112,552501
54,9800
1112,210700
54,6700
1112,65501
54,17000
1202,62500
1022,98400
54,6200
1202,122801
1022,401100
54,10000
1112,321001
54,7600
1112,4.08801e+06
54,7900
1112,102501
54,6900
1112,192600
54,6600
1112,127400
54,6200
1112,98300
54,6200
1202,80801
1022,76400
54,5400
1112,91800
54,5200
1202,88000
1022,87500
54,5500
1112,109000
54,7500
1112,98501
54,6100
1202,102700
1022,79600
54,6300
1202,448201
1022,571801
54,10200
1112,274800
54,7300
1112,589901
54,8600
895,812201
54,11600
54,4800
54,5700
92,12600
70,11100
92,44600
70,17400
166,22400
66,10800
92,9300
58,9700
54,5800
177,42700
54,5600
72,10100
72,8100
72,6200
72,5500
72,5800
72,5800
1202,153000
188,21800
54,6200
159,21300
148,13700
74,7000
204,22800
204,17200
204,15700
193,16501
74,21400
170,16600
66,7000
66,5600
58,5000
54,3800
282,33300
54,5200
58,4600
54,3800
246,20400
54,4100
1112,121100
54,4800
1112,97800
54,4800
493,36000
54,5600
1112,106401
54,5600
1112,152800
54,4600
1112,173900
54,19900
1112,97001
54,5900
923,69900
54,4800
54,4100
54,3600
54,3200
82,14500
82,7500
164,18900
66,6900
66,4900
84,9000
66,5400
84,6800
58,4600
54,4100
58,3700
54,3400
166,26600
66,35300
66,8100
58,18600
54,4200
218,25500
218,34500
54,5500
54,3800
218,20601
54,4200
1124,128700
54,5500
1124,102700
54,6400
1074,84300
54,16800
1124,139500
54,6200
1202,128300
172,46401
54,5700
1124,114900
54,6700
220,20700
54,5300
1124,79700
54,5700
1074,81600
54,5300
1124,89700
54,6100
1124,86401
54,6400
250,21900
54,4400
1124,82300
54,5300
220,20100
54,4200
1124,64600
54,17600
1074,117400
54,8500
1124,117400
54,7600
1202,120900
172,19800
54,6700
220,34100
54,9000
58,7800
54,5500
220,36400
54,36600
58,5200
54,3700
220,41200
54,4300
145,11900
54,3900
145,11500
54,3700
67,5500
54,3400
259,19100
54,3900
145,10200
54,3500
1124,89800
54,6700
1202,76100
996,71901
54,5600
1202,94200
1046,80500
54,5000
250,21300
54,47700
1124,182101
54,8100
220,23500
54,5600
1124,79500
54,6300
1074,145200
54,10100
1124,174501
54,7100
1202,140200
172,18700
54,5000
220,22100
54,5300
1124,111300
54,9500
1124,111601
54,9500
1124,245200
54,12000
1124,214701
54,5500
1124,88500
54,27800
1124,107200
54,5800
1124,106800
54,6100
1124,83800
54,6000
1124,79600
54,26001
1124,79800
54,5200
1124,73800
54,4800
950,80400
54,7200
1124,78300
54,5900
1124,77500
54,5500
1124,75301
54,6400
1124,78700
54,5900
1124,87000
54,6600
1124,74700
54,6700
1124,77700
54,5600
1124,79600
54,5400
1124,72201
54,5400
1124,73800
54,12600
1202,98400
1046,72900
54,6200
1124,162901
54,7400
1124,80600
54,5200
1124,74500
54,5000
1124,74300
54,5200
1124,73600
54,6000
1124,203201
54,7000
1124,84600
54,5400
145,13300
54,4300
195,14100
54,4100
145,10400
54,5000
1202,124400
1046,70600
54,4700
1202,88301
1202,78900
823,68800
54,6900
312,24700
54,5300
54,4900
54,21100
54,6400
54,4900
54,13700
66,9700
66,6400
54,5200
214,26300
162,34500
222,40200
226,35500
66,7700
66,6700
54,4700
292,34600
182,33500
302,31600
238,22000
54,5400
54,4800
92,9100
76,9000
92,10800
66,7200
58,5300
54,4400
176,19800
54,5100
92,8600
266,34400
54,6800
54,4700
54,35101
92,8600
175,35200
175,12500
175,10700
175,10200
175,9900
175,9400
92,7800
71,7200
92,6800
71,5800
92,6100
131,53400
92,8800
92,6000
92,5200
92,5200
72,7300
72,5900
72,6200
72,5400
72,5600
72,4900
159,17800
148,12600
92,6600
204,20000
204,17300
204,15700
193,14100
92,6800
54,4600
54,3700
54,3400
54,3500
54,3300
54,3100
54,2900
54,3300
92,6300
76,7100
146,14601
92,6500
92,5500
92,5200
66,5800
92,5500
58,4400
54,3600
165,17900
54,4100
92,6800
1202,111000
176,18900
54,4700
54,3600
66,6500
66,4900
54,3700
214,19700
162,24500
222,44200
226,79000
66,6300
66,4500
54,4100
292,27600
182,24701
302,27300
102,21400
54,7000
54,4900
92,9700
69,7600
133,13600
66,6900
66,5700
92,6800
58,4700
58,3800
54,3400
54,3500
205,20400
54,4700
205,17000
54,15100
92,10500
1112,109700
54,5800
1112,98500
54,7400
299,26800
54,5400
204,18700
54,5100
1112,94801
54,5900
1112,91700
54,5800
299,23700
54,5000
204,17200
54,4800
129,11200
54,4700
129,12900
54,5100
211,19200
54,4600
1202,84600
340,25700
54,5300
66,7500
66,6800
72,8800
72,7900
72,7300
72,7100
58,5600
54,4700
210,19800
54,4800
58,5100
54,4600
210,29500
54,6100
1202,143500
872,85200
54,7200
204,24800
204,18900
204,17300
193,15400
180,18700
54,4500
1112,94100
54,5200
964,73000
54,5900
180,17000
54,4700
105,10000
54,3800
302,23600
54,4100
105,9601
54,3600
266,21800
54,3900
1112,78300
54,4800
1112,140600
54,6600
706,52500
54,4700
1112,79200
54,4900
1112,74600
54,4700
1112,78701
54,5500
1112,82600
54,4900
1202,91700
75,6700
54,4500
54,3700
54,3400
54,3400
54,3200
92,8600
66,6100
92,6500
58,4700
54,4300
185,34000
54,4300
92,7000
172,35500
54,4400
54,3200
54,3500
54,3100
54,3000
54,3200
54,3100
54,2900
54,3200
54,2800
54,2800
92,6801
92,8700
92,10700
92,11400
92,11400
92,8600
92,8900
92,8600
92,8100
92,9200
92,7600
92,7300
72,14600
72,8700
72,9700
72,8600
72,7900
72,7300
72,6800
72,7200
204,44000
204,25100
204,37200
204,94100
204,23800
204,17600
193,16700
92,14100
92,7000
92,6300
92,6400
70,6900
92,5500
70,4801
166,13600
66,6800
92,6100
58,5000
54,4600
179,30500
54,4900
1112,116300
54,6200
280,30000
54,4800
54,4000
92,8200
66,7200
66,5600
58,4500
58,4200
54,3600
54,3400
205,22800
54,4700
205,18500
54,4000
1112,106100
54,5200
1202,113401
209,19800
54,5300
1202,114000
1202,129200
119,14200
54,5500
204,17000
54,5500
204,29100
54,6500
129,12900
129,12000
54,4800
54,4600
211,16101
54,5200
1107,80500
54,6300
435,45400
54,5600
92,10300
54,5400
54,4500
92,8300
92,8300
66,7400
58,5400
54,4300
193,22900
54,5300
172,20800
54,5000
54,4100
54,4700
92,9000
92,8300
92,8100
92,9100
92,7800
92,8300
92,8000
92,7900
92,7800
92,7500
92,7700
72,9500
72,8300
72,7900
72,7700
72,24300
72,11500
159,25400
148,17100
204,26300
204,22600
204,22000
193,19800
92,10900
92,8700
92,8900
92,8300
66,7600
58,5500
54,4800
168,22100
54,5300
1202,122201
179,20600
54,6000
92,9600
54,5200
92,8900
92,9800
66,8300
66,7000
58,5300
58,5600
54,4900
54,4200
205,21200
54,5100
205,20000
54,5100
1112,159700
54,6600
1202,97001
209,19300
1202,95400
1202,94400
119,12300
54,4900
54,3800
204,16400
204,16400
54,4300
54,3400
129,10500
129,9700
54,3800
54,3100
211,14600
54,3800
1107,77900
54,5200
435,34401
54,4100
92,8300
92,6400
54,3600
54,3300
92,6300
66,5900
58,4000
54,3100
182,17500
54,4200
172,17500
54,4100
54,3100
54,3200
92,7200
92,5900
92,5600
92,6600
92,5400
92,5800
92,5400
92,5200
92,4900
92,4800
92,4800
72,17400
72,10000
72,8100
72,9300
72,8300
72,7600
159,19100
148,15800
204,22900
204,21500
204,21200
193,19500
92,9300
92,8400
92,8200
92,7900
66,7000
58,5900
54,5000
178,18901
54,4900
1112,94500
54,6200
279,28000
54,5500
92,9100
54,6000
92,9000
92,8200
69,7800
133,15300
66,7700
66,6800
58,5400
54,4200
58,4700
54,4200
205,20000
54,4900
205,18900
54,4800
1112,96800
54,5700
1202,98801
209,17800
54,6300
1112,146500
54,6600
204,16400
54,4600
1202,94000
209,18100
54,5000
204,15900
54,4500
129,10200
54,4000
243,16400
54,4200
129,9600
54,4600
1202,83401
372,26000
54,4400
92,8200
92,6600
54,3800
54,3300
92,6100
66,5900
58,4100
54,3300
192,18700
54,4000
1202,107200
1022,76100
1202,101700
1022,135200
1202,99500
1022,77001
54,7000
1202,82500
1202,85200
1202,82000
842,62400
54,6500
54,3900
92,8700
1202,86300
1202,83401
1202,96200
1202,85100
752,53400
1202,128300
1022,94501
1112,78000
1202,86000
1022,72600
1112,77400
54,6500
1202,81500
1022,100701
54,28900
1112,117100
1202,85501
1022,74300
54,6000
54,4800
54,3700
1112,134200
54,9500
1202,95300
1202,96000
932,83400
54,8400
92,13800
1112,82900
54,6200
1202,124800
1202,92801
932,68200
1202,87500
1022,71200
1202,83300
1022,72600
1202,82400
1022,81501
1112,125200
1202,179401
1022,93700
1202,98900
1022,89200
1112,100700
54,20700
1112,143001
54,9600
54,7000
1202,111200
1022,79700
54,9600
1112,112900
54,7200
1112,86200
54,7400
1112,86600
54,7200
1112,80700
54,7800
1202,87800
1022,89500
54,10700
1202,92500
1022,75901
54,7600
1112,79800
54,6700
1202,91600
1022,77000
54,10200
1112,82400
54,6000
1112,86001
54,6500
1112,85100
54,5700
1112,92300
54,39600
1112,94400
54,6300
1202,91500
1022,71801
54,6200
1112,76700
54,5400
1202,82900
1022,76100
54,6500
1112,77900
54,5400
1112,75600
54,5900
1202,87801
1022,71000
54,18700
1202,186100
1022,83100
54,6800
1112,79200
54,6000
1112,78401
1112,77800
54,149800
1202,554001
1022,101000
54,10600
1112,85000
54,7100
1112,83400
54,7900
1112,83300
54,5800
1112,94701
54,7600
1112,81800
54,8400
1112,84100
54,7200
1202,83900
1022,71800
54,7400
1202,85101
1022,71700
54,6700
1112,76200
54,6000
1112,78300
54,7200
1112,86700
54,6100
1112,142200
54,7100
1112,78500
54,16000
1112,93001
54,7000
1112,78200
54,6400
1112,77500
54,6000
1112,79600
54,6900
1112,79800
54,6900
1112,79100
54,6200
1112,77201
54,17400
1202,128700
1022,72800
54,6100
1112,77400
54,5800
1202,82500
1022,72100
54,6201
1112,78100
54,5500
1112,76300
54,6000
1112,77100
54,5500
1112,74100
54,5400
1112,100700
54,6900
1112,78801
54,11300
1202,160200
1022,77100
54,6500
1112,85500
54,7600
1112,81100
54,6000
1112,78100
54,6000
1112,82400
54,5800
1112,80000
54,6500
1112,77700
54,6000
1112,75701
54,6500
1112,93900
54,10600
1112,82000
54,6000
1112,77900
54,6200
1112,76000
54,6500
1112,77200
54,6200
1112,75901
54,5700
1112,74700
54,6000
1112,75600
54,6100
1202,84000
1022,69400
54,5600
1112,87600
54,11100
1112,89801
54,6700
1112,77200
54,6000
1112,81300
54,5800
1112,74500
54,7500
1112,75700
54,5800
1112,77400
54,5200
1112,75101
54,6100
1202,97400
1022,73500
54,6200
1112,78600
54,6200
1112,79500
54,6400
1112,78100
54,5800
1112,93300
54,16200
1112,129000
54,7300
1202,84000
1022,70400
54,6200
1202,91100
1022,73200
54,6800
1112,77300
54,6200
1202,82500
1022,71900
54,17501
1112,95300
54,7200
1112,101400
54,5900
72,30700
72,9800
72,11200
72,6300
72,7100
72,5400
159,40800
148,13400
204,217701
204,40500
204,85100
193,50400
1112,178500
54,11200
1202,164201
845,98000
54,9400
313,151600
54,8600
1202,149801
1202,74400
932,45500
1202,56300
225,96200
54,16600
189,31000
54,5800
1112,120500
54,6100
1112,85500
1112,82900
54,6900
1112,83700
54,6200
1112,81601
54,5800
1202,86900
1022,87400
54,7700
1112,79400
54,6200
1202,83800
1022,73000
54,7500
1202,85000
1022,72400
54,7100
1112,77000
54,7100
1112,81700
54,6400
1112,86800
54,6200
1112,77700
54,6001
1202,99400
1022,77400
54,11500
1112,88900
54,6800
1112,82200
54,7100
1112,82800
54,6200
1112,78601
54,6500
1202,87000
1022,75000
54,6900
1202,96000
1202,127700
932,68601
1202,105200
1022,75300
54,7700
1112,78200
54,6500
1112,79800
54,12900
1112,91100
54,7300
1112,81800
54,5900
1112,81200
54,6900
1112,81100
54,6100
1202,95701
1022,76900
54,6500
1202,83500
1202,86600
932,67700
54,6600
1112,78100
54,7500
1112,77101
54,6400
1112,88600
54,6200
1112,80000
54,6200
1202,85500
1022,85800
54,7400
1112,80100
54,5900
1112,79301
54,10400
1112,87400
54,6500
1202,87800
1022,74600
54,12800
1202,100001
1022,78400
54,7300
1112,81100
54,6600
1112,79100
54,7400
1112,78200
54,5900
1112,80000
54,17600
1112,82800
54,7600
1112,85400
54,6300
1112,76600
54,5800
1112,77200
54,6000
1112,76600
54,6700
1112,79501
1112,77600
54,6000
1112,73900
54,10900
1112,115400
54,9500
1112,90400
54,6900
1202,94900
1022,80601
54,8300
1112,89400
54,7200
1112,83800
54,6900
1112,101300
54,9000
1112,97600
54,6900
1112,81701
54,6800
1112,83300
54,6800
1112,83200
54,7200
1202,90100
1022,76900
54,6400
1112,80600
54,7000
1112,83500
54,7600
1112,92100
54,7200
1112,82500
54,6400
1112,80200
54,6700
1112,79900
54,6100
1112,81201
54,6000
1112,80700
54,7200
1112,79200
54,6300
1112,77500
54,6600
1112,80400
54,6900
1112,79900
54,5900
1112,90901
54,7100
1112,77200
54,6000
1202,82100
1202,89600
932,67500
54,6300
1112,78200
54,7100
1112,91501
54,7600
1112,78500
54,6600
1202,86600
1022,72900
54,7100
1112,91700
54,7100
1112,80201
54,6200
1112,86600
54,7000
1112,92700
54,7400
1112,77700
54,5800
1112,76900
54,5600
1112,74700
54,6400
1112,80501
54,6400
1112,76100
54,6500
1202,84500
1022,138900
54,9800
1112,94800
54,7000
1202,91100
1022,159400
54,8200
1112,84900
54,6900
1112,83000
54,5700
1202,104801
1022,82400
54,7100
1112,102800
54,7200
1112,90500
54,7000
1112,102600
54,8100
1112,83801
54,6200
1112,99100
54,7800
1112,86700
54,7600
1202,162700
1022,122401
54,7900
1202,94500
1022,134100
54,10100
1202,96700
1202,100601
932,70800
54,7300
1112,83300
54,6400
1112,78700
54,6700
1112,83300
54,8300
1112,97401
54,10500
1112,87700
54,6300
1202,84900
1202,101500
1202,88500
1202,89200
1202,86101
1202,88800
1202,88500
1202,99500
1202,286600
1202,363600
212,116501
54,20300
54,5600
1112,200800
54,11200
1112,166500
54,24900
1112,128701
54,6600
1202,91800
1022,77500
54,12000
1202,106100
1202,91000
932,70300
54,7400
1202,97100
1022,77500
54,12100
1112,101200
54,7400
1112,92100
54,12500
1202,98600
1022,97600
54,7800
1112,77900
54,6800
1202,98700
1022,103700
54,8100
1202,90500
1022,95500
54,8400
1202,93100
1202,85501
1202,84600
1202,104600
1202,93600
1202,86800
1202,85300
1202,88600
1202,86600
1202,87900
1202,98901
1202,87200
1202,84100
1202,84500
164,16100
54,6100
54,5400
54,4700
1202,85000
1022,75400
54,6400
72,14700
72,9000
193,28800
193,22400
72,9000
72,8400
193,21100
193,21000
1202,90700
1202,87200
1202,104500
1202,87800
1202,86200
1202,82800
572,42800
54,6400
1202,92500
1202,84400
932,65700
54,6700
1202,86001
1022,73500
54,6200
1202,95800
1202,88700
932,68100
54,6800
1112,81000
54,6200
1202,84501
1202,86100
186,19300
54,6100
188,49800
54,5900
1202,114100
1116,79100
54,11800
54,6700
81,14100
97,12600
87,12500
122,13100
93,12100
166,19900
76,9600
92,10900
92,10000
70,8300
166,16800
66,8600
58,5900
54,4700
206,35400
54,5400
1112,103400
54,6200
1202,96200
664,251201
54,11500
180,44600
54,7200
105,17900
54,4500
181,26500
54,4200
1112,129600
54,5600
521,54200
54,4500
66,6400
58,4100
54,3900
205,27201
54,5800
1112,125800
54,7300
1112,108600
54,6100
299,23800
54,5400
204,18500
54,6300
129,11900
54,5300
211,17100
54,4800
1107,100201
54,7400
499,40600
54,5500
92,10200
92,9100
77,10600
77,8700
93,10600
66,7400
58,5100
54,4400
213,21200
54,5500
682,57900
54,5600
204,17900
54,5200
129,11700
54,4600
90,12700
228,27500
66,8600
58,5600
54,5000
271,40800
54,5700
1124,126101
1124,81900
54,5400
1124,76600
1124,103500
54,7301
1202,91300
1202,86000
968,68100
54,6700
1124,94500
1202,82800
1046,70400
54,5700
1202,86900
1046,73800
54,5900
1124,78000
1124,75200
54,6500
1124,76600
1124,76600
54,5700
1202,81201
1046,88200
54,6500
1124,80700
1124,79200
54,5600
1202,78000
1046,90000
54,7100
1124,81800
1124,76800
54,5500
1124,79100
1202,80100
1046,70800
54,5100
1202,80801
1202,84000
968,81800
1124,80000
54,5300
1202,82700
1046,74400
54,5701
1124,77000
1202,77800
1046,71500
54,5800
1202,81400
1202,75500
1202,79800
1202,82101
812,73000
54,6300
1124,78000
515,39000
54,5400
707,49600
54,4900
267,19700
54,7200
54,5100
107,10600
54,4900
54,4400
54,4400
54,4300
54,4500
54,4200
54,4400
54,4400
54,4600
54,4200
54,4300
54,4400
54,3900
54,4100
66,7300
66,6000
54,4700
213,29301
306,52900
162,34100
306,54800
1202,118300
1202,92200
54,6400
72,7400
314,31100
208,24600
138,18600
182,25800
278,45700
54,6900
126,17300
126,16300
126,16100
126,15600
54,5100
66,7100
58,5500
54,4500
245,24400
54,5200
682,58500
54,5500
204,17500
54,4900
129,11200
54,5000
227,19100
54,5100
211,17100
54,5200
81,9600
113,12400
66,7500
58,5200
54,4800
268,40200
54,6700
73,8900
54,5400
66,7600
58,5000
54,4500
217,22000
54,4800
1202,110701
766,80800
54,6800
180,18300
54,5100
105,11200
54,4800
297,25200
54,5200
1202,86100
1062,77000
54,6000
1156,79801
54,5400
1140,82400
54,6300
1202,89700
461,43700
54,6600
1140,83300
54,5600
1140,76200
54,6400
1140,91701
54,6800
1140,82500
54,5700
1140,84700
54,5500
226,30500
54,7300
1202,93601
1062,77000
54,5700
1140,80700
54,5400
70,5200
54,4100
1140,95600
54,7200
1124,80900
54,5800
1124,92000
54,6300
1124,122101
54,6700
1124,79900
54,6000
1202,84000
1046,1.8684e+06
54,8700
1202,91501
1046,79800
54,6000
1202,86400
913,63500
54,7000
190,18500
1202,105400
1078,77401
54,6100
1140,81200
54,6900
1124,77100
54,5700
1124,77700
54,5800
1124,78800
54,5200
1124,79500
54,6300
1124,79901
54,5500
1124,78300
54,5200
1124,77400
54,5900
1124,86500
54,7000
1124,79400
54,5700
1202,84900
1046,87300
54,14100
1124,95200
54,6201
1202,102800
180,15600
54,5600
1124,83300
54,7200
1124,83900
54,5700
1124,77300
54,5700
166,13600
54,5100
1124,92301
54,7600
1124,76400
54,6400
1124,78300
166,14200
54,5400
1124,79100
54,6800
1124,76300
54,6200
1124,106600
54,7001
1124,80100
54,13400
1124,97500
54,6100
1124,82300
54,5400
1124,84100
54,5500
1124,77100
54,6100
1124,77601
54,5300
1124,84600
54,5900
1124,83900
54,12100
1124,90800
54,6000
1124,93800
54,7500
1124,88301
54,5800
1124,109800
54,8000
1124,92300
54,6100
1124,91200
54,6000
1124,113000
54,8200
1124,90600
54,5700
1202,90000
1046,81100
54,6300
1124,96900
54,6700
1124,84300
54,5700
1124,80101
54,5800
1124,82100
54,19100
1124,113900
54,7500
1124,92400
54,6300
1202,93900
1046,146900
54,8100
1124,109000
54,6100
1124,99400
54,5600
1124,87800
54,5900
1124,89200
54,5900
1124,115400
1124,126501
54,10200
54,8500
1202,117300
1046,88700
54,6100
1124,87500
54,13000
1124,94301
54,5800
1124,92700
54,5900
1124,87700
54,5500
1124,81700
54,20200
1124,110700
54,6100
1124,83101
54,5600
1202,84600
1046,100200
54,6100
1124,81100
54,5500
1124,82500
54,6000
1124,80600
54,5900
1124,82300
54,5400
1202,89000
1046,79700
54,6300
1124,84400
54,5500
1124,77300
54,5400
1124,119401
54,134300
1124,165000
54,6300
1202,222100
1046,87000
54,5800
1202,88301
1046,99200
1124,88100
54,6300
54,4300
1124,163800
54,9300
1124,83900
54,6000
1202,87800
1046,76200
54,5700
1124,79801
54,6400
1124,79500
54,5400
1124,78200
54,5500
1202,84900
1046,71500
54,5600
1202,99100
1202,86401
968,67200
1124,102700
1202,91700
1202,88200
968,70301
54,6300
1202,81000
1046,84300
54,6500
1202,86800
1202,84000
968,65400
54,5900
1124,75101
54,5900
1124,74700
54,5000
1202,79500
1046,69000
54,5000
1124,77900
54,13000
1202,95000
1046,73700
54,5900
1202,93500
1046,74901
54,6300
1124,76200
54,5800
1124,75300
54,5100
1202,80800
1046,86400
54,6800
1202,83300
1202,79501
1202,85300
890,65100
1202,82400
1046,72300
54,13700
1202,97200
1202,88301
968,67200
54,19000
1124,82800
54,6000
1202,82200
1046,72400
54,5800
1124,71500
54,6300
1124,78601
54,5300
1124,79300
54,5600
1202,83700
1046,72100
54,11700
1202,96200
1046,76000
54,6200
1124,89301
54,6400
1202,96500
1046,97300
54,6000
1202,93300
1202,134000
968,78000
54,7000
1202,84001
1046,78700
54,6200
1124,96300
54,8300
1124,83400
54,5300
1202,83600
1202,89001
968,71300
54,5400
1202,84400
1046,73800
54,5800
1202,80700
1202,84800
1202,81301
608,56600
54,6700
81,13500
160,17400
76,8800
66,6900
76,6300
64,6500
64,12200
58,5200
54,3600
187,18400
54,4300
865,77301
54,5200
100,9000
54,4300
92,8100
145,12500
54,3800
219,30600
54,7000
1202,107500
1202,86400
54,5700
54,4100
219,16100
54,4200
92,8900
195,14600
54,4000
54,3200
54,3100
54,3000
54,3100
92,7300
66,6500
92,8200
58,5300
54,3800
219,19600
54,4500
865,75400
54,5000
100,9000
54,4000
145,11700
54,4000
315,24200
54,4100
92,7800
1202,81400
1202,87100
1202,81700
1202,128100
752,54600
54,5700
1112,88400
54,12100
1112,87000
54,5800
92,9300
1112,78300
54,4900
1112,80301
54,6200
1112,82300
54,5600
1112,77000
54,5400
1112,77600
54,5900
1112,76400
54,5100
1112,75600
54,5300
1112,90801
54,6200
1112,75600
54,12800
1202,99900
1022,75200
54,5900
1112,78000
54,6500
1112,81300
54,5400
1112,76601
54,5000
1112,76000
54,5200
1112,82300
54,5900
1112,91000
54,6200
1112,75400
54,4800
1112,77400
54,6400
1112,95600
54,6900
1112,81000
54,5600
1112,77001
54,6700
1112,84000
54,5800
1202,82000
1022,68900
54,5300
1112,76100
54,5900
1112,79300
54,5200
1112,90101
54,6400
1112,77600
54,12700
1202,113500
1022,78701
54,6000
1112,76500
54,6000
1202,85200
1022,74600
54,16400
1112,78400
54,5600
1112,77400
54,6601
1112,75000
54,5600
1112,76200
54,5500
1112,75300
54,5300
1112,76400
54,6400
1112,75700
54,5600
1112,77200
54,5400
1112,74701
54,11200
1112,88600
54,6100
1112,79601
54,5800
1202,85200
1022,71800
54,12300
1112,90300
54,6200
1112,96701
54,6600
1112,79500
54,6800
1112,79800
54,5700
1112,77500
54,5500
1112,78500
54,5600
1112,79800
54,6101
1112,76600
54,5600
1112,74800
54,5700
1202,83400
1202,85300
1202,98300
1202,89301
1202,83300
662,49100
54,5600
1202,86600
1202,85500
1202,84900
1202,84101
1202,80400
1202,99200
1202,87400
1202,82600
1202,83900
1202,98300
1202,90700
1202,106700
1202,89200
1202,83601
1202,83300
1202,81400
1202,82200
1202,83400
1202,83300
1202,81801
1202,80800
1202,124900
1202,92200
1202,129700
1202,96700
1202,87501
1202,101700
1202,88500
1202,83200
1202,82000
1202,88900
1202,85201
1202,83400
1202,84000
1202,81000
1202,82300
54,12900
1202,105501
1202,90500
1202,83900
1202,90800
1202,84700
1202,83100
1202,87301
1201,92000
1202,117600
1202,83500
1083,82700
54,16500
54,6800
54,6700
54,5600
1112,100900
54,5800
1112,85500
54,7400
1112,106101
54,8300
1112,84700
54,5600
1112,89700
54,7700
1112,80600
54,5000
1112,91000
54,5300
1112,77000
54,5300
1202,92601
1022,77800
54,5700
1112,82200
54,5100
1112,94100
54,7100
1202,105401
1022,75600
54,5600
1112,74800
54,4800
1112,87100
54,19900
1112,119100
54,5700
1112,90700
54,5600
1112,104501
54,6900
1112,86200
54,5100
1112,82500
54,5000
1112,79800
54,17400
1112,84100
54,7000
1112,78601
54,6100
1112,79800
54,5600
1112,74700
54,6500
1112,79800
54,5700
1112,76000
54,18700
1112,89200
54,28500
1112,84101
54,5700
1112,81200
54,5400
1202,89800
1022,72500
54,153200
1112,1.1674e+06
54,25900
1112,135900
54,6300
1202,129800
1202,96400
932,90001
54,7000
1112,83000
54,6300
1112,81800
54,6500
1112,81000
54,5900
1112,77300
54,5500
1112,73200
54,6300
1112,77600
54,5700
1112,94000
54,7400
1112,78200
54,5100
1112,75000
54,14100
1112,92300
54,6400
1112,93300
54,6600
1112,99601
54,6700
1112,84300
54,5600
1112,78900
54,5200
1202,88100
1202,87500
1202,82901
1202,80800
1202,84800
1202,84100
1202,99400
1202,86600
1202,104201
1202,139700
1202,84600
1202,86400
1202,88100
1202,81901
1202,93900
1202,88200
1202,82600
1202,82000
1202,82500
1202,101500
1202,88900
1202,82600
54,7200
1202,85100
1202,85001
1202,84200
1202,105701
142,14900
54,15900
54,6500
1202,96500
1022,73100
54,7600
1112,82200
54,6100
1112,83200
54,5400
1112,95600
54,5500
1112,98200
54,6800
1112,100200
54,6100
1112,90000
54,5700
1112,103001
54,26800
1112,119400
54,6400
1202,92800
1022,76300
54,5700
1112,78601
54,6600
1112,79700
54,5700
1112,74700
54,5500
1112,85700
54,7200
1112,93200
54,6900
1112,78400
54,5500
1112,74601
54,13500
1202,97100
1202,88000
1202,88900
1202,82600
1202,101600
1202,89301
1202,95900
1202,88200
1202,84300
1202,88200
1202,86101
1202,99300
1202,86400
1202,84300
1202,85900
1202,85601
1202,82500
1202,84400
1202,101700
1202,90900
1202,87700
1202,85301
1202,84800
412,33100
54,6900
54,10900
1202,87100
1022,77200
54,5600
1112,74600
54,5200
1202,84000
1022,74001
54,6000
1112,74500
54,5300
1112,74100
54,5700
1112,88000
54,6700
1112,75800
54,5900
1112,79400
54,5600
1202,93000
1022,87900
54,7100
1112,79800
54,5500
1112,75601
54,6600
1202,81600
1022,85200
54,5500
1112,87800
54,7300
1112,74800
54,6700
1112,78500
54,5800
1112,75601
54,5500
1112,76600
54,6100
1112,81000
54,5800
1112,75200
54,5800
1112,76400
54,5500
1112,77100
54,11900
1202,95200
1022,119300
54,6100
1112,79200
54,6600
1112,80200
54,5300
1112,76400
54,5300
1112,98100
54,6800
1202,84400
1022,82500
54,6500
1112,78701
54,5300
1112,77100
54,6600
1112,78700
54,5500
1112,72800
54,5500
1202,81000
1022,89500
54,7500
1202,88400
1022,73900
54,5800
1112,80501
54,6700
1112,77000
54,5700
1112,77200
54,5700
1112,76900
54,6200
1112,77200
54,5800
1112,78600
54,5700
1112,72901
54,5700
1112,87200
54,7200
1112,95200
54,6000
1112,77800
54,5600
1112,75800
54,6100
1112,90500
54,6700
1112,81100
54,6000
1112,79900
54,5801
1112,76800
54,6600
1112,77100
54,5700
1112,77000
54,5600
1112,77900
54,6500
1112,84600
54,5900
1112,87801
54,6700
1112,76000
54,6700
1112,79300
54,5600
1112,75800
54,5600
1112,76500
54,5500
1202,84200
1022,72901
54,6700
1112,78600
54,5800
1112,75700
54,6200
1112,81000
54,5900
1112,75600
54,16100
1202,82300
1022,75901
54,7000
1112,77100
54,5800
1112,76100
54,5700
1112,74600
54,6500
1112,77000
54,5700
1202,78700
1022,68201
54,5500
1202,88500
1022,74400
54,5700
1202,102900
1202,83300
932,66700
54,6100
1202,85001
1202,83600
1202,83400
1202,80400
1202,83000
662,45300
1112,75000
54,6000
1112,74800
54,5000
1202,92200
1202,2.613e+06
1202,118600
842,67800
1202,85600
1202,102400
932,68301
54,6100
1202,85400
1022,71600
54,6600
1202,86000
1202,94500
932,73200
1112,80301
54,6800
1202,86500
1202,98400
932,67500
1112,81300
54,6900
1202,81900
1022,68601
54,5700
54,5100
1112,74700
54,6400
1112,79700
54,5800
1112,76800
54,6000
1112,166100
54,6600
1112,100801
54,7700
1112,80500
54,6700
1112,83300
54,5400
1112,81000
54,26400
1112,102200
54,5900
1112,113100
54,8900
1112,83900
54,6500
1112,90401
54,5900
1112,79000
54,5300
1112,77300
54,5400
1112,79900
54,5000
447,35700
54,4600
54,3500
54,4300
66,11700
58,4200
54,3300
219,23700
54,4000
865,95301
54,4900
100,10600
54,3900
145,14900
54,4100
315,24500
54,11200
283,30200
54,5600
54,5100
54,4600
54,4300
54,4600
66,9800
58,6000
54,4900
219,25200
54,5000
865,121801
54,6400
100,11300
54,5100
145,14100
54,5600
315,28600
54,5300
283,24800
54,5500
54,4500
54,5200
107,9800
54,4800
54,4600
54,5400
110,29800
110,24100
54,7300
54,4800
54,4600
54,4900
54,3800
54,3800
54,3400
54,3400
54,4000
66,9200
58,4100
54,4100
170,17600
54,3800
290,31100
54,4200
54,3400
54,2800
54,3300
92,13200
66,6200
58,4100
54,4700
187,19200
54,3500
967,114900
54,5000
100,10000
54,3900
145,13200
54,3800
267,21900
54,4800
1123,94300
54,4700
92,10000
275,24400
54,4300
54,4200
54,3200
54,2700
54,3200
66,6500
58,5100
54,3600
248,20800
54,3800
349,45700
54,6500
54,5500
54,3000
54,3400
92,8300
66,6800
58,4700
54,3600
156,15300
54,3900
1202,87800
1022,78800
1112,106300
54,8100
1112,85101
54,7600
1202,103700
1202,102700
932,69100
54,5900
1202,89800
1022,92901
54,6300
1112,185800
1202,121900
1022,690101
54,11400
1112,98400
1112,86101
54,6300
1202,93600
1202,107600
932,68500
54,6400
1202,81700
1022,73300
54,6500
1202,85500
1022,69300
54,5700
1112,77100
1112,82700
54,6300
1112,80300
1112,74400
54,6600
1112,90501
1112,79300
54,5600
1112,76300
1112,75900
54,13500
1112,110900
1112,82601
54,6300
1112,79300
1112,81500
54,6300
1112,79400
1112,77700
54,6200
1112,77800
1112,82401
54,6500
1112,77000
1112,88400
1112,77700
54,6900
1112,78200
1202,81700
1202,82601
932,63700
54,6300
1112,75800
1202,79700
1022,69800
54,12600
1112,93100
1112,79700
54,6000
1112,78700
1202,88400
1022,73300
54,5800
1112,78700
1202,92601
1202,85200
932,65000
54,5400
1112,74700
1112,85300
54,9000
1112,83101
1112,74700
54,5800
1112,88600
1112,154801
54,8600
1112,99200
1202,92800
1022,125800
54,6600
1112,82600
1112,77301
54,5700
1112,74700
1202,101600
1022,78200
54,6200
1202,94600
1022,94501
54,6500
1202,85400
1022,68200
54,6000
1202,84500
1202,87000
932,65400
1202,79100
1022,71300
54,12900
1112,120200
54,6800
1202,87600
1022,70600
54,6900
1112,79900
1112,74501
54,5300
1112,75300
1112,75600
54,6300
1112,77600
1202,77000
1022,67500
54,6400
1112,93701
1112,78200
54,6200
1112,74300
1112,73000
54,12800
1112,91600
1202,84400
1022,72600
54,7300
1112,78500
1112,74800
54,6200
1112,81901
1202,81500
1022,91900
54,7500
1202,94800
1022,69200
54,7000
1112,78300
1112,79900
54,6300
1112,142401
1112,85500
54,7500
1112,80400
1112,76300
54,5700
1112,80600
1112,78001
54,6000
1112,73600
1202,81100
1022,71700
54,6300
1112,77400
1112,93500
54,6700
1112,76501
1112,96700
54,7700
1112,80900
1112,78901
54,5800
1112,77100
1112,90200
54,6900
1112,78900
1112,75800
54,5200
1112,76500
1112,74701
54,5700
1202,83100
1022,67000
54,6400
1112,76600
54,5200
1202,80200
1202,80200
1202,129901
618,51900
54,6600
1202,83400
1202,87500
98,10200
54,5200
1202,88700
798,57100
54,5601
1112,75000
1202,78400
188,15400
54,5500
888,61100
1112,78200
54,5500
1112,89500
1112,82000
54,14000
1112,96300
1202,87200
188,15500
54,6700
888,64000
1112,77301
54,5800
1202,101200
1202,81600
1202,88100
1202,84800
1202,84600
1202,82901
572,84100
54,5800
1112,77600
1202,84800
1022,87800
54,6900
1202,84900
1022,74300
54,5700
1112,76500
1112,96500
54,7400
1112,83701
1112,81800
54,6700
1112,92300
1202,82800
1022,69200
54,5800
1112,74900
1112,77501
54,5900
1112,77600
1112,77400
54,5600
1112,74700
1202,99900
1202,85500
1156,97901
54,7200
888,79900
1202,86600
1202,84000
932,64000
54,6700
1112,79900
1112,74901
54,5400
1202,83100
1022,73400
54,5700
1112,76200
1202,80300
1202,93500
1202,99400
1202,86300
1202,91900
1202,88900
164,13900
54,5600
462,36101
1202,81800
1202,97900
1156,81000
54,6400
888,62900
1202,77200
188,16700
54,5500
888,63101
1112,74200
54,5200
1202,79300
1202,78100
1202,97000
1202,93100
976,69400
54,16800
1202,98801
1202,86500
932,67400
54,6000
1202,98800
798,61300
54,6800
1202,88100
188,15401
54,5500
888,59900
1202,82900
1202,83800
98,9600
54,5600
888,63300
1202,82100
1202,103600
98,11900
54,5700
888,78601
1202,86200
188,33700
54,6100
888,62300
1112,76300
54,5400
1202,79200
1202,79800
98,10000
54,5100
888,62600
54,5000
1202,85200
1022,79700
54,15200
1202,121700
1202,96300
932,71401
54,6800
1112,92600
54,7300
1202,92500
1022,79200
54,6200
1112,81100
54,6400
1112,83201
1202,94200
1202,101700
1202,97100
1202,135300
890,94400
54,7900
974,87301
1202,110800
1202,111100
1202,105900
1202,119000
890,86600
54,17200
974,205000
1112,135501
54,9600
1202,119700
1160,111300
54,10600
974,94900
1202,102400
1160,85000
54,6700
1202,81900
884,63500
54,5800
1202,95700
1022,96100
54,7200
1202,92700
1202,92101
1202,162601
1202,239200
1202,182801
1202,132600
1202,348801
74,18900
54,8300
1202,109000
1202,88900
1202,92300
1202,105500
1202,91100
1202,88600
1202,82700
74,7500
54,5000
1202,87700
1202,87400
1202,87700
1202,81600
1202,82800
1202,87900
1202,99200
54,7200
1202,93001
74,12800
54,7000
54,5400
55,5900
54,4700
1202,103500
1202,84900
1202,101000
172,16500
54,6200
1202,86400
1202,80801
932,65800
54,6900
1202,85300
1022,73600
54,6100
1202,81000
1022,75600
54,21500
1202,136300
1022,96001
54,6600
1112,93800
1112,99600
54,7500
1112,163200
1112,101501
54,6300
1202,113800
1022,98600
54,7300
1202,109400
1022,77900
54,5600
1202,82901
1202,105600
1202,110201
1202,90900
1202,94400
1202,86000
1202,83600
74,7800
54,5600
1202,95400
78,8700
54,5601
54,4900
54,4700
66,10400
58,5000
54,5000
240,18500
54,4800
1202,83200
1022,71300
54,6900
1202,85900
1022,73200
54,6700
1112,87800
1112,113700
54,8100
1112,81700
1112,78401
54,6300
1112,75800
1112,79900
54,6800
1202,85800
1022,67200
54,6700
1112,78500
1202,83401
1022,75600
54,17100
1112,76000
1202,85000
1022,73800
54,8200
1112,80500
1112,79401
54,13100
1112,107700
1112,83900
54,6501
1112,78400
1112,78700
54,6900
1202,83700
1202,121100
932,66100
54,6700
1112,78001
1112,76400
54,5900
1112,71900
1112,78700
54,11400
1112,87200
1202,101800
1022,77701
54,7900
1112,77500
1112,75900
54,6500
1112,75300
1112,79600
54,6900
1202,84400
1202,97901
1202,84600
1202,85000
752,54700
54,6300
1112,76600
54,13300
1202,95600
1022,73301
54,6200
1112,75800
54,6000
1202,79100
1022,87400
54,7800
1202,83000
1022,72200
54,6900
1202,86000
1022,71700
54,6100
1112,77700
1112,74400
54,6700
1112,77100
1202,87000
1202,80501
1202,126100
842,68800
54,6800
1112,79200
1202,81901
1022,77100
54,7300
1112,75900
1112,77300
54,6100
1112,78700
1112,96201
54,7200
1202,86600
1022,68300
54,13700
1112,88201
54,6700
1202,83400
1202,82500
1202,88300
1202,81500
1202,79800
662,48601
54,6700
1112,77800
1112,75900
54,6700
1112,106600
54,6700
1202,79200
1202,105900
1202,89100
842,61300
54,7200
1202,110601
1202,85300
1202,83900
1202,86800
752,56000
54,6400
1112,75400
1112,75100
54,6700
1112,74100
54,5700
1202,78000
1022,66900
54,5500
1202,82200
1202,92001
1202,110500
1202,90000
1202,84501
1202,82000
572,44500
54,6500
1112,75400
1112,80500
54,6300
1202,81200
1022,74400
54,6000
1112,73701
54,5900
1112,77800
1112,78900
54,5900
1112,76000
1112,75600
54,22900
1112,91100
1112,96601
54,6700
1112,75900
1112,75900
54,6500
1112,74500
1112,108600
54,6500
1112,80001
1112,77200
54,5700
1112,76300
1112,72700
54,6200
1112,97400
1112,76200
54,5800
1112,71300
1112,94600
54,7400
1112,80900
1112,79900
54,6300
1112,94701
1112,78400
54,6300
1112,77000
1112,74900
54,6500
1112,75000
1112,72900
54,5600
1112,73501
1112,75100
54,6200
1112,76200
1112,73700
1112,72200
54,16400
1112,100300
54,6800
1112,84400
1112,82400
54,5900
1202,85800
1022,71500
54,6900
1112,78101
1202,81200
1022,85500
54,7600
1112,79700
1112,76500
54,5700
1202,79500
1022,69801
54,13000
1202,99200
1022,74200
54,7000
1112,79100
1202,88200
1022,99000
54,6800
1112,99100
1112,76900
54,5900
1112,74900
1112,79200
54,6200
1112,75600
1112,80601
54,5700
1202,79200
1022,71800
54,15800
1112,95000
1112,84101
54,6600
1202,87300
1022,79300
54,6600
1202,89900
1022,74500
54,6200
1112,77100
1202,92901
1022,89500
54,6900
1112,77900
1202,85900
1022,75900
54,16000
1202,114200
1022,87600
54,8900
1112,90600
1202,97301
1022,78100
54,7100
1112,89000
1112,96500
54,6100
1112,103600
1112,86800
54,14300
1112,96100
1112,88900
54,6100
1202,96901
1022,80600
54,8900
1112,78600
1112,77100
54,5800
1112,79700
1202,100801
1022,74500
54,5800
1112,80600
1112,89200
54,6100
1202,84400
1022,72700
54,5900
1112,90001
1112,203901
54,12700
1112,118300
1202,180100
1022,124401
54,14600
1202,139200
1022,99800
54,7600
1112,115001
1112,209500
54,7900
684,58200
54,5300
54,3700
54,4100
66,9500
58,4500
54,4200
334,28601
54,4300
1202,87200
1022,85000
54,5500
1202,91000
1022,72400
54,5000
1202,96900
1022,74901
54,5800
1112,89600
1112,77200
54,5200
1202,82700
1022,94200
54,6900
1112,83501
1112,77500
54,6800
1202,117600
1202,100900
932,66000
54,5900
1112,75200
1202,90200
1022,68700
54,6100
1112,79800
1202,87300
1022,98000
54,7700
1112,95900
1202,1.6091e+06
1022,96700
54,7500
1112,88001
1112,84000
54,6600
1112,81400
1112,77400
54,5900
1112,76300
1112,73900
54,5800
1202,86301
1202,89900
932,65900
54,6100
1202,101100
1202,83300
1202,82400
842,59501
1202,102400
1202,86200
932,68800
54,6200
54,4600
1202,84201
1202,87600
932,76700
54,6500
1202,81000
1202,116300
1202,88801
842,60400
54,5700
1202,82600
1022,72900
54,6200
1112,77700
1112,74900
54,6200
1202,82401
1202,82900
1202,81400
842,57800
54,6300
1202,93000
1202,84100
932,65601
54,11600
1202,97700
1202,84200
932,64100
54,5401
1202,80300
1202,87100
932,67400
1202,78800
1022,87901
1112,92300
1202,89000
54,6900
302,24200
462,34100
1112,79400
54,6000
1202,82100
1022,70101
54,5800
1202,82300
1202,83000
932,65400
54,5500
1202,100700
1202,96000
932,67001
54,6200
1202,82000
1202,78300
932,79200
54,6900
1112,80200
1202,82801
1022,71700
54,5700
1112,75200
1112,75900
54,5500
1202,82800
1022,133301
54,6800
1202,86800
1202,85800
932,69200
54,6100
1112,77900
1112,74100
1112,75101
54,6400
1112,75400
54,5800
1202,77400
1202,79600
932,96700
54,12000
1112,88800
1112,98800
54,6900
1202,83800
1022,73900
54,6400
1202,85700
1202,81600
932,64500
54,6500
1112,79200
1112,76101
54,5900
1112,87600
1112,91900
54,7300
1202,88500
1022,70900
54,5800
1112,75900
1112,78800
54,6300
1202,81701
1022,67300
54,6200
1202,83400
1022,68000
54,5500
1112,88100
1112,80500
54,12600
1112,90600
1202,87201
1022,77000
54,6700
1112,79100
1112,74300
54,5600
1112,77100
54,5100
1202,78700
1022,68900
54,5700
1202,79701
1022,80500
54,6800
1112,95500
1112,90500
54,7700
1112,80201
1202,86100
1022,73200
54,6200
1112,74200
1112,92000
54,7800
1112,76600
1112,73400
54,5700
1112,72600
1112,73000
54,6600
1112,77800
1112,75600
54,5600
1112,75900
1112,87900
54,6900
1112,77601
1202,83500
1022,70000
54,6700
1112,77600
1112,74400
54,5900
1112,80800
1112,79700
54,15100
1112,104301
1202,93100
1022,72900
54,7200
1112,77300
1202,81300
1202,83900
932,64500
54,6401
1112,78200
1202,77800
1202,82000
932,76000
54,7500
1202,107200
1202,94301
932,65900
54,6900
1202,88600
1022,70700
54,5500
1112,73100
1202,80700
1202,80700
932,62701
54,5600
823,54500
54,12300
54,6900
54,5800
66,11200
58,5900
54,5200
196,18900
54,5100
1112,87401
1112,81900
54,6400
1112,75600
1112,77200
54,6400
1202,124400
1022,92100
54,6901
1112,78100
1112,80000
54,6500
66,7900
1202,81800
1022,68600
54,6200
1202,81100
1022,69800
54,5900
1202,81901
1202,79900
932,77400
54,17200
1202,109500
1022,75800
54,7500
1112,82201
1202,111200
1022,72700
54,6100
1202,82100
1202,84000
932,65600
54,5900
1112,75201
58,6900
54,5400
245,29700
54,5100
1112,75000
54,5600
1112,80300
1112,78900
54,6500
1202,87200
1022,82601
54,6600
1202,82600
1022,71600
54,12100
1112,87901
1202,87300
1022,72400
54,7000
1112,80300
1112,81200
54,6400
1202,83400
1022,81301
54,15100
1112,109300
1112,105500
54,6400
526,41800
54,5700
682,68900
54,6100
54,4600
54,3900
204,19000
54,4000
66,9600
58,4500
54,3900
219,22600
54,3900
129,10600
54,4100
211,16301
54,3600
967,99400
54,4600
100,9900
54,4200
145,11900
54,3800
267,19900
54,3800
1202,85500
1202,91200
259,20400
54,4600
54,3800
54,3400
67,5900
54,4000
66,6400
58,4300
54,3500
245,24800
54,4100
1202,109801
54,14300
1202,109900
1022,89700
54,5700
1112,86600
54,5500
1112,86200
54,6300
1202,93500
851,63800
54,5100
54,3700
54,3600
682,62000
54,5300
204,16600
54,5600
129,21600
54,7700
275,30200
54,5400
147,15300
54,5200
66,9300
58,6700
54,5100
188,17500
54,4700
349,28600
54,5100
54,4400
54,4700
66,27600
58,6200
54,6200
219,26000
54,4800
967,122601
54,7100
100,11900
54,4600
145,13600
54,4800
787,75700
54,15800
275,34600
54,6400
54,4100
54,3600
54,3200
54,3900
66,8700
58,4600
54,3900
60,5900
54,3500
349,32900
54,4400
54,4100
54,3100
54,3400
66,7100
58,3900
54,3200
219,21500
54,3900
967,92600
54,5000
100,9400
54,4700
145,13300
54,4200
267,36000
54,6500
899,97701
54,6200
275,22300
54,5100
54,4700
54,4900
54,5000
54,4800
66,8000
58,5600
54,4300
54,4700
54,4600
245,30900
54,4900
682,62000
54,5600
204,18100
54,4800
129,14200
54,5400
691,54000
54,5600
267,23700
54,5100
107,10200
54,5000
54,4300
54,4800
107,9000
54,4700
54,4200
54,4400
54,4400
54,4200
54,4600
54,4100
54,4200
54,4401
66,7200
58,4900
54,4800
245,23600
54,5600
682,59900
54,5900
204,17100
54,4900
129,10600
54,101401
275,125200
54,10300
67,11800
54,7200
107,21900
54,6000
54,5800
54,5800
54,5100
66,19400
66,8300
54,9400
213,92800
306,128101
162,170100
306,83400
1202,215501
1202,98000
54,22501
72,12100
314,44500
208,37300
138,21000
182,30100
278,37800
54,5800
126,17200
126,17000
126,18100
126,16600
54,5600
66,7500
58,5300
54,4600
245,32200
54,4900
682,66800
54,5900
204,18400
54,5300
129,13400
54,4800
211,17200
54,4800
67,6500
54,4400
66,7300
58,5200
54,5300
245,23800
54,4800
682,56400
54,5400
204,17800
54,4800
129,21900
54,5800
211,17500
54,5300
67,6100
54,4400
107,10200
54,4700
54,4100
54,3800
107,9400
54,4400
54,4500
54,4400
54,4200
54,4300
54,4200
54,5100
110,13600
110,10400
66,8300
58,5400
54,4200
238,68300
54,7900
197,28100
54,5100
105,11200
54,5800
186,25900
54,4000
1112,154100
54,7600
526,58600
54,5000
215,45000
244,35600
66,7500
66,5200
54,25900
214,34300
162,37400
222,43600
226,37900
66,8800
66,7100
54,5300
1202,117000
219,19400
54,6000
338,46000
274,29600
159,19100
306,30100
258,25600
338,32800
122,14300
338,30200
58,6100
194,18600
194,21100
54,5300
54,4600
54,4600
54,4800
54,4300
54,4200
54,4200
54,4200
54,4300
54,4700
54,4100
54,4400
54,4200
54,4100
69,8200
133,15000
66,19000
58,8000
54,4900
237,24000
54,4400
1112,110201
54,12200
1202,120801
209,20300
54,7400
204,19600
54,5400
129,12600
54,5100
211,18100
54,5100
1107,122500
54,5400
515,38900
54,5600
66,7900
58,5100
54,3800
245,23700
54,4500
682,53400
54,5001
204,16500
54,4200
129,9400
54,3600
211,16200
54,3800
67,5100
54,3200
66,5900
58,4000
54,4400
245,33400
54,6300
682,57800
54,5600
204,17900
54,5000
129,12700
54,5400
819,59400
54,5000
267,19000
54,4800
66,7900
58,5000
54,4900
484,36300
54,5100
349,25300
54,5100
54,4900
54,4400
66,7000
58,14101
54,6100
219,21800
54,4900
967,1.345e+06
54,8400
100,11000
54,4900
145,12400
54,4400
283,23100
54,4400
1202,83200
1202,87200
54,4800
54,3700
1202,83600
1202,82900
54,5500
54,3800
1202,98000
1202,86100
54,6500
54,5400
1202,81500
1202,83101
1202,86700
1202,84100
1202,82600
1202,81800
1202,80800
1202,103800
54,7200
54,5200
54,4700
54,4500
54,4400
54,4400
1202,88700
54,5500
1202,86300
1202,90201
1202,86200
54,5700
1202,90800
1202,84000
1202,85200
54,5600
1202,90700
368,34001
54,5600
54,3800
54,3200
54,3300
54,3100
54,2800
54,2900
54,2800
1202,85500
1202,80200
1202,82300
1202,105700
1202,96100
1202,83000
1202,88000
1202,87401
1202,82400
54,5800
1202,81900
1202,86900
55,6200
54,5100
54,4400
54,4300
54,4600
54,4400
54,4500
54,4200
54,4200
54,3800
54,4000
54,4800
1202,84200
1202,82801
1202,92700
1202,1.3011e+06
1202,90200
1202,84800
54,6300
1202,81401
1202,80100
1202,92600
54,7100
1202,83300
1202,95000
55,6900
54,5300
54,4700
54,4500
54,4500
54,4400
54,4400
54,4600
54,4300
54,4200
54,4300
1202,85401
1202,78000
1202,78000
1202,100400
54,6800
1202,85501
1202,94200
1202,102700
1202,83000
54,5800
1202,81900
1202,81600
1202,82101
55,5800
54,5100
54,4600
54,4400
54,4200
54,4200
54,4200
54,4100
54,4000
54,3600
54,3700
1202,83500
1202,81700
1202,81100
1202,80900
1202,93101
1202,98800
54,7100
699,52900
54,5700
54,4900
54,4400
54,4200
54,4300
54,4500
355,26300
54,5600
54,3700
54,4000
54,3400
54,3300
66,8600
58,4600
54,4000
292,21300
54,3700
349,26600
54,4200
54,3400
54,3000
66,6500
58,3900
54,3600
219,19600
54,3900
967,112200
54,6900
100,10000
54,4800
145,13600
54,5100
267,20300
54,4800
1011,71600
54,6000
275,23700
54,5700
54,4900
54,4500
66,8200
58,5400
54,4600
98,8800
54,4501
88,6700
103,9200
54,4500
62,5900
54,4300
66,7600
58,5300
54,4600
188,15700
54,4500
349,26600
54,5000
54,4200
54,4000
54,4300
66,7100
58,5100
54,4200
219,20200
54,4900
967,81300
54,13500
100,14400
54,6200
145,14600
54,4800
267,22200
54,4700
691,51800
54,4700
275,20500
54,4400
54,3300
54,3300
55,3500
54,3200
55,3000
54,2900
55,3000
54,2800
55,2900
54,2900
107,8100
54,3300
55,39501
54,3500
55,3000
54,3100
107,8500
54,3700
54,3300
54,3000
55,4000
54,3500
55,3500
54,2900
55,2800
54,2700
55,2800
54,2700
55,2600
54,2500
55,2600
54,2800
55,2700
54,2800
55,2600
54,2800
54,2900
54,3000
54,3300
54,3100
54,3400
54,2900
54,3000
54,2700
54,2700
55,2900
54,2800
55,2700
54,2700
55,2700
54,2800
55,2800
54,2700
55,2900
54,2800
55,2700
54,2600
55,2800
54,2800
55,2800
54,2600
55,2700
54,2800
55,2700
54,2700
55,2700
54,2500
55,2600
54,2600
55,2800
54,2700
55,2600
54,2500
55,3100
54,2600
55,2800
54,2600
55,3100
54,12400
55,7700
54,5800
55,5200
54,4800
55,5200
54,4500
55,4800
54,4500
55,4600
54,4500
55,4600
54,4300
55,4400
54,4500
55,4600
54,4100
66,8900
66,7200
54,4500
213,32800
306,56200
162,44000
306,45100
1202,115601
1202,99200
54,7700
72,8100
314,35000
208,24500
138,19300
182,26300
278,36000
54,5500
55,5000
54,4300
55,4600
54,4200
55,4500
126,16400
126,16100
126,15000
126,15700
54,4800
54,4501
55,4400
54,4300
55,4200
54,3800
55,4300
54,3900
55,4100
54,4000
55,4200
54,3900
55,4300
54,4800
55,4600
54,3900
55,4200
54,3900
55,4100
54,4000
70,8300
166,17400
66,7500
58,5200
54,4100
238,22800
54,4800
1112,96800
54,6100
1112,86200
54,5500
752,63700
54,6000
180,18700
54,5000
105,21500
54,5800
180,16900
54,4800
1202,87300
430,32900
54,5100
55,4700
54,4300
55,4600
54,3700
55,4400
54,4300
55,4600
54,4100
55,4500
54,4300
55,4400
54,4100
55,4300
54,4200
55,4300
54,4100
55,4200
54,5100
55,4700
54,4200
55,3900
54,4200
55,4100
54,4000
55,4100
54,4100
55,4200
54,4100
55,3900
54,4000
55,4100
54,3900
55,4100
54,3800
55,3900
54,3900
55,4000
54,4000
55,4200
54,3900
55,4100
54,3800
55,4000
54,3900
55,4100
54,3800
54,4001
54,3800
54,4000
54,4000
55,4200
54,3900
55,4100
54,3500
55,4300
54,3800
55,3900
54,3900
55,4100
54,3800
55,4500
54,3700
55,4300
54,3800
55,4200
54,3900
55,4200
54,3800
55,4400
54,4000
55,4000
54,4000
55,4300
54,3800
55,4200
54,12800
55,7500
54,6100
55,5700
54,5000
55,4900
54,4800
55,7100
54,5600
55,5000
54,4700
55,4600
54,4400
55,4500
54,4400
55,16600
54,5100
55,4700
54,4800
55,4900
54,5100
55,4600
54,4400
55,4700
54,4400
55,4900
54,4200
55,4700
54,4400
55,4500
54,4000
55,4400
54,4000
55,4400
54,4300
55,4200
54,4500
55,4400
54,4400
55,4600
54,4300
55,4300
54,4000
55,4000
54,4000
55,4300
54,4000
55,4100
54,4000
66,8100
58,5800
54,4200
237,25700
54,5400
221,21000
54,5500
129,12900
54,5100
211,15900
54,4800
1202,88200
404,31100
54,5000
77,10800
93,10700
66,7800
58,5100
54,4400
245,23300
54,5100
682,59200
54,5400
204,18800
54,5600
129,12100
54,4800
227,17200
54,4900
67,5900
54,4700
55,4600
54,4601
55,4500
54,4800
55,4400
54,4100
55,4500
54,4100
110,24500
110,11300
55,4800
54,4400
55,4000
54,4200
55,4200
54,4100
55,4200
54,4300
55,4100
54,4300
55,4100
54,4100
55,4300
54,3800
55,4200
54,3900
55,4300
54,4100
107,9100
54,4600
55,4100
54,4200
55,4100
54,4300
55,4000
54,4100
55,4200
54,4100
55,4100
54,4000
55,4300
54,4200
55,4100
54,4100
55,5500
54,4600
55,4400
1112,82500
66,8600
54,4700
58,4900
54,4500
98,8600
54,4500
1202,77201
1022,65800
54,6400
88,8200
103,9400
54,4600
62,8000
54,4800
219,18600
54,5000
55,4700
66,8200
54,4700
58,4800
54,4600
98,9000
54,4600
88,6600
103,8700
54,4400
62,10100
54,4100
66,6700
58,4400
54,3700
149,14000
54,4100
605,49100
68,7200
54,4100
113,8900
54,4100
299,33700
54,6200
144,12500
1202,90301
1022,91400
54,7500
1202,87900
1202,86001
236,21700
54,6400
54,5200
54,4900
66,8100
58,5300
54,4500
181,18000
54,4900
605,54500
68,8400
54,4700
113,10400
315,25900
54,4800
243,19400
54,5200
144,12100
840,66100
54,5700
54,4900
54,5200
66,8300
58,5700
54,4700
181,16900
54,5100
54,4400
54,5300
54,4400
54,4100
605,51400
68,7600
54,4300
113,12100
315,28400
54,4700
315,24100
54,4600
144,14200
1190,90300
54,5500
1034,76100
1190,92900
54,6600
1034,72201
1202,82600
1022,75900
54,6200
1202,83700
1202,81300
932,65100
54,13000
1202,93800
1022,70700
54,6200
1202,86001
1022,89200
1202,88000
1022,72100
1202,82000
1202,90100
54,6600
1202,90800
842,61100
54,6400
1202,90900
1022,72700
54,6400
1190,151600
1034,76600
54,6900
1202,87200
1022,70500
54,6500
1202,87601
1022,100300
54,8200
1202,92600
1202,98600
314,26200
54,5800
54,4300
54,5000
55,4800
54,4100
54,3600
54,3500
54,3300
54,3300
54,4900
54,3300
54,3200
55,3300
54,3400
66,10300
58,4500
54,3300
181,21200
54,3800
605,61800
68,8000
54,3700
113,8400
283,23800
54,4300
850,66400
54,4200
54,3400
54,3400
55,19000
54,3600
66,6600
58,3900
54,3300
181,15100
54,4500
605,49000
68,7300
54,3500
113,8900
283,22801
54,3800
144,10200
760,60600
54,4700
54,3500
54,3100
55,4000
54,3300
66,6600
58,5000
54,3200
181,14600
54,4300
605,47600
68,6300
54,3600
113,8800
283,50000
54,6800
850,89400
54,6000
54,5500
54,4800
55,5000
54,4900
66,8600
58,5700
54,4700
181,20100
54,4800
605,55500
68,7600
54,4800
113,10100
299,25200
54,4900
850,69300
54,6000
54,5100
54,6500
55,5200
54,4800
66,7300
58,6300
54,6800
181,25000
54,5600
605,70000
68,7400
54,5500
113,10600
299,27300
54,4100
144,11100
760,61701
54,5700
54,3600
54,3700
55,3700
54,3400
66,6600
58,4000
54,3200
181,15600
54,94200
605,57400
68,7200
54,4300
113,9000
283,22600
54,3800
850,66200
54,4400
54,3400
54,3200
55,3600
54,3200
66,6500
55,3400
54,3000
58,4100
54,2900
181,15600
54,3400
605,46501
68,6100
54,3600
113,8600
299,23600
54,5100
144,11400
760,58100
54,4400
54,17100
54,6000
55,5000
54,4800
66,7400
58,5000
54,4900
181,19600
54,4100
605,51400
68,6200
54,4200
113,9100
283,23300
54,4700
850,63500
54,5800
54,3900
54,3900
55,3900
54,3200
66,6600
58,4400
54,3201
181,17100
54,3900
605,47300
68,6400
54,3600
113,9600
299,22300
54,3900
144,11600
760,57700
54,4300
54,3400
54,3300
1202,115000
1202,72900
54,6200
54,4000
1202,65900
1202,161901
54,20300
54,5800
1202,140600
1202,74300
54,6200
105,24101
54,5900
54,3900
54,3900
54,7600
55,7400
66,22200
54,4200
305,121500
58,12700
54,8000
306,83800
54,51400
54,10100
54,5600
98,17100
54,6700
88,10001
54,4800
54,4500
103,14100
54,5100
62,7200
54,4900
66,11500
58,6700
54,4900
181,26200
54,5100
605,65000
68,8100
54,4900
113,12400
299,27600
54,4800
850,71700
54,5800
54,4300
54,4000
55,5000
54,5500
66,7900
58,5800
54,4800
181,17700
54,4600
605,51200
68,7400
54,5000
113,10500
299,25801
54,5000
850,68200
54,5200
54,4400
54,4700
55,4800
54,4800
66,7600
58,5100
54,4700
181,17000
54,4500
605,61700
68,8700
54,5400
113,10800
299,25000
54,4900
850,67700
54,5200
54,4500
54,4500
55,4600
54,4500
66,7300
58,4900
54,4500
181,16300
54,4800
605,49301
68,7500
54,4400
113,10500
283,24100
54,4800
850,66800
54,16000
54,7200
54,5500
55,5700
54,5200
66,9000
58,6400
54,4500
181,20200
54,5500
605,54900
68,7700
54,4600
55,4400
54,4600
113,10600
299,25700
54,4700
850,68100
54,5300
54,4400
54,4400
55,4600
54,4600
66,7400
58,5900
54,5400
181,17400
54,4900
605,72301
68,8100
54,4900
113,10000
299,30800
54,4700
144,10900
760,59900
54,5500
54,3900
54,4200
55,3700
54,3700
66,6500
58,4100
54,3900
181,16100
54,4000
605,46600
68,7100
54,4000
113,9300
299,24700
54,4000
144,11200
760,54300
54,4400
54,3300
54,17600
55,4500
54,3600
66,6300
58,4700
54,3400
181,16200
54,4000
605,46701
68,6300
54,4100
113,9000
283,22200
54,4000
144,10300
1202,87400
1202,107801
1202,90900
842,61700
54,6900
1202,85900
1022,82600
54,6900
1112,82800
68,7001
54,4800
54,3600
54,3400
66,7100
214,25000
244,24300
58,5100
54,3900
181,16200
54,4000
66,6500
66,5000
54,3600
92,8500
1202,79900
654,54300
54,5200
1202,86700
110,11800
54,4900
264,21100
169,15400
1202,85501
994,66200
54,5100
605,48500
68,7000
54,4200
66,7100
66,5400
54,4100
1202,101200
92,10100
54,5400
264,24000
172,19800
202,23300
197,21300
816,69800
321,37601
1202,120200
1202,85000
342,35700
54,6200
197,19900
816,64800
216,23600
241,25100
248,23100
1202,97101
1202,105300
1202,154600
1202,82100
1202,74300
1202,63200
54,7101
1202,60200
1202,58700
1202,65700
1202,62100
1202,59200
1202,59400
1202,58700
1202,68800
1202,107400
1202,59800
54,6500
54,4700
1202,72300
1202,87600
1202,71700
1202,61600
1202,101301
1202,90700
1202,89000
1202,80500
1202,83100
1202,82100
1202,80201
1202,115800
1202,87100
1202,81100
54,7500
54,6400
54,5600
54,5000
1202,83000
1202,78201
1202,79100
1202,79700
1202,110100
1202,89401
1202,84100
1202,86800
1202,88900
1202,92000
1202,92201
1202,88400
1202,89800
1202,97600
1202,242400
1202,144201
1202,106600
1202,99900
54,8900
1202,96900
1202,101201
1202,143400
1202,93800
1202,85000
1202,83400
1202,92600
1202,125601
1202,105300
1202,101300
1202,92500
1202,102700
1202,94601
1202,99200
1202,97300
1202,95900
54,8300
1202,99500
1202,95400
1202,96800
1202,96600
1202,122700
1202,105500
1202,96500
1202,98400
1202,91600
1202,95100
54,8000
54,5900
54,5100
1202,97000
1202,97300
54,7100
54,5700
54,4900
1202,96200
1202,109900
1202,120400
1202,99100
1202,94301
1202,97500
1202,97600
1202,108500
1202,99000
1202,91001
1202,95100
1202,96500
1202,114200
1202,102700
1202,101200
1202,98901
1202,99800
1202,96800
1202,136001
1202,83000
1202,84300
1202,87500
1202,85400
1202,86900
1202,83701
1202,87000
54,6900
1202,81600
1202,83600
1202,94300
1202,127400
1202,105800
1202,102900
1202,93801
1202,101400
1202,91600
1202,93000
1202,128000
1202,85601
1202,120000
1202,97000
1202,99700
54,8200
1202,99001
1202,93300
1202,97600
1202,94200
1202,109000
1202,90001
1202,84400
1202,130400
1202,103800
1202,100900
1202,97900
1202,99500
1202,100700
1202,100900
1202,148800
1202,95500
1202,87400
1202,86400
1202,77900
1202,89501
1202,84500
1202,78000
54,7200
1202,74600
54,6000
54,4500
1202,100300
1202,136700
1202,91000
54,7500
1202,87401
1202,91300
1202,76500
1202,77400
1202,82300
1202,84700
1202,70601
54,13000
1202,110400
1202,91900
1202,90300
1202,82800
1202,146100
1202,115100
1202,103600
1202,97500
1202,110500
1202,102800
1202,97300
1202,99600
1202,122900
1202,96500
1202,93400
1202,88800
1202,90300
1202,82100
54,8100
1202,92500
1202,72100
1202,89100
54,16700
54,7600
1202,109000
1202,83900
1202,114000
132,15200
54,17900
54,8300
54,6000
54,5400
113,28900
267,46600
54,5100
187,24000
54,4800
97,18001
54,5100
850,81700
54,5500
54,4800
54,4400
129,13700
54,4800
55,5700
54,6100
66,8100
58,5000
54,5700
55,4700
181,19800
54,5600
54,5100
605,71500
68,8000
54,4800
113,9800
267,23800
54,4700
251,20200
54,5800
850,66900
54,5300
54,4500
54,4300
66,7700
58,6200
54,4900
181,17801
54,4900
605,49800
68,7200
54,4800
113,10900
283,25000
54,5000
850,67400
54,19200
54,5800
54,8400
55,4700
54,4500
66,11600
58,6600
54,4300
181,26500
54,4700
605,68400
68,7400
54,4200
113,8900
283,21900
54,4200
850,68301
54,55200
54,9400
54,9300
55,9600
54,7901
66,16700
58,7900
54,6700
181,30400
54,6100
55,5500
54,5000
55,4700
54,4700
605,77100
68,8300
54,4900
113,12200
283,26500
54,4800
144,14100
760,68500
54,5300
54,4100
54,3400
55,3500
54,3600
66,7000
58,3900
54,4700
181,18800
54,4300
605,48700
68,6500
54,3700
113,8200
299,24401
54,3900
144,11400
760,68900
54,6300
54,4700
54,4300
55,4700
54,4700
66,8100
58,5200
54,4600
181,16600
54,4600
605,48600
68,18300
54,6700
113,13400
299,28500
54,4700
850,67700
54,5000
54,3700
54,3500
55,4100
54,3400
66,6200
58,3800
54,3800
181,15000
54,3900
605,47501
68,6800
54,3500
113,8700
299,22200
54,3700
144,11900
760,58800
54,5500
54,3700
54,3400
55,3600
54,3600
66,6600
58,4200
54,3100
181,15200
54,4100
605,46500
68,6600
54,4000
113,8400
283,21800
54,3700
144,10200
760,59900
54,4300
54,3600
54,4100
55,3800
54,3700
66,6500
55,5000
58,4800
54,4001
181,16700
54,4000
54,3800
605,46800
68,6100
54,14500
113,11800
283,26500
54,5200
850,70700
54,5400
54,5100
54,4700
55,4900
54,4900
66,7300
58,5200
54,4300
181,16400
54,4700
605,48400
68,7400
54,5800
113,10900
283,22200
54,4600
850,67900
54,5300
54,4400
54,4600
55,4700
54,4600
66,7700
58,5100
54,4100
181,16200
54,4800
605,49600
68,7200
54,4600
113,9600
299,23300
54,4800
144,11500
760,56100
54,13300
54,6400
54,5200
55,5500
54,5700
66,8900
58,8100
54,5500
181,20600
54,5200
605,54600
68,7600
54,4900
113,16300
283,26200
54,5100
850,67900
54,5300
54,4100
54,4500
55,4200
54,4400
66,7200
58,4900
54,4100
181,16400
54,5500
605,50600
68,7400
54,4500
113,9900
299,23800
54,5000
144,12200
760,58100
54,5200
54,4500
54,4500
55,4700
54,4300
66,6800
58,5100
54,4200
181,15800
54,4900
605,47901
68,6800
54,4600
113,9600
283,22500
54,5200
144,12300
760,62100
54,5100
54,4200
54,4200
66,7300
55,4700
58,5500
54,4200
245,25700
54,4700
54,4700
682,69900
54,6300
204,19400
54,4900
129,11800
54,4600
211,16000
54,4600
67,6200
54,4300
66,7400
58,5000
54,11200
181,22400
54,5800
605,54600
68,7700
54,5100
113,10700
55,5200
283,22800
54,4900
54,5700
850,67500
54,16200
54,5900
54,4900
55,5000
66,7700
54,4800
58,5300
54,4400
181,17201
54,4800
605,49400
68,8400
54,5400
113,11400
299,23900
54,5300
144,12600
760,63000
54,5100
54,4200
54,4600
55,4400
54,4500
66,7400
58,5000
54,4200
181,15200
54,4700
605,48800
68,7500
54,4900
113,10000
299,23200
54,4900
144,11700
760,60200
54,5800
54,4600
54,4601
55,4700
54,4700
66,7400
58,5700
54,4400
181,16900
54,4800
605,49900
68,7200
54,4600
113,10200
299,25400
54,4900
850,65000
54,5100
54,4400
54,4200
55,4500
54,4400
66,7000
58,5100
54,4200
181,28800
54,5800
605,50700
68,7400
54,4700
113,9600
299,23800
54,4900
850,66101
54,5100
54,4500
54,4300
55,4700
54,4500
66,7300
58,4700
54,4100
181,16500
54,4300
605,50100
68,7000
54,4600
113,11000
299,29200
54,4700
144,11400
760,57000
54,4900
54,3500
54,3300
55,3600
54,3600
66,6500
58,4400
54,3100
181,15600
54,4000
55,3800
54,3400
605,46700
68,5800
54,3600
113,8300
283,22000
54,3900
850,62501
54,4600
54,3800
54,3500
55,3700
54,3500
66,6600
58,4100
54,3200
181,15900
54,3900
605,45600
68,6300
54,3800
113,19500
299,25300
54,3900
850,62400
54,4200
54,3200
54,3400
66,6300
58,4000
54,3700
238,22300
54,11600
197,26000
54,6800
105,24700
54,6500
489,46601
54,5100
1112,84600
512,41000
54,5300
54,4000
54,3500
55,3600
66,6500
54,3700
58,3800
54,3900
237,21900
54,4000
221,17400
54,4100
129,10400
54,4700
643,45600
54,4500
1107,76300
54,4500
515,36300
54,4400
66,6600
58,4900
54,3700
245,22001
54,4500
682,53900
54,4700
204,16800
54,4800
129,11700
54,4100
547,39100
54,4200
267,19900
54,4100
54,3300
54,3400
66,6400
54,3400
58,4100
54,3500
54,3200
245,21900
54,4500
682,52100
54,4600
204,28300
54,6200
129,11800
54,4900
611,46300
54,6600
66,8400
58,5700
54,4700
181,17200
54,4800
605,51000
68,7400
54,4800
267,22000
54,5100
113,10100
299,22500
54,5000
850,67300
54,5600
54,4700
54,4400
55,4700
54,4400
66,7200
58,5500
54,4400
181,15800
54,4800
605,48400
68,54800
54,11400
55,7200
113,18700
299,37900
54,5200
54,5900
144,17100
760,88400
54,6500
54,4800
54,4700
55,4800
54,4600
66,8300
58,5600
54,3900
181,18300
54,4600
605,56501
68,7000
54,4700
113,11500
299,25800
54,5700
144,13500
760,64700
54,5700
54,4600
54,4600
55,4800
54,4500
66,7600
58,5300
54,5000
181,16500
54,4800
605,49200
68,7700
54,4900
113,10200
283,31900
54,6200
850,69500
54,6200
54,4900
54,4600
55,4800
54,4400
66,7600
58,5100
54,4400
181,16900
54,5000
605,48800
68,7600
54,4800
113,9800
283,22800
54,4900
850,67500
54,5600
54,4800
54,4800
55,4600
54,4500
66,7300
58,5200
54,4400
181,15900
54,5000
605,49100
68,8600
54,5400
113,10100
283,23100
54,5100
144,13200
760,60400
54,5400
54,4601
54,4700
55,5100
54,4600
66,7600
58,5100
54,4400
181,16300
54,5000
605,49100
68,7500
54,4900
113,10200
283,22200
54,5700
144,12900
760,72100
54,6500
54,5000
54,4800
55,4900
54,4700
66,7500
58,5800
54,4600
181,16500
54,4800
605,49100
68,7100
54,4700
113,9800
283,22300
54,4700
850,65901
54,5200
54,4600
54,13300
55,6600
54,5900
66,20200
55,6700
54,5600
58,6100
54,5000
181,19500
54,5300
605,55801
68,8000
54,5300
113,10300
299,24600
54,5200
144,12700
760,67700
54,6400
54,4700
54,4700
55,4700
54,4500
66,7500
58,5300
54,4300
181,16900
54,4700
605,50000
68,8100
54,5600
113,10500
299,24800
54,4900
144,11600
760,63500
54,5300
54,4000
54,3900
55,4100
54,3500
66,6200
58,4200
54,3101
181,15300
54,3800
605,47500
68,6200
54,4100
113,9600
283,21600
54,4800
144,12000
760,56700
54,4500
54,3400
54,3200
55,3500
54,3500
54,3100
54,3300
54,3300
54,3400
54,3300
54,3100
54,6700
54,4600
54,4800
54,4500
54,4700
54,4500
66,7800
58,5200
54,4300
181,17400
54,4900
605,50300
68,7300
54,4900
113,9900
283,23000
54,5100
850,68001
54,6200
54,5200
54,4600
55,5000
54,4700
66,7900
58,5600
54,4500
181,17500
54,4700
605,49900
68,7000
54,4800
113,9800
299,22800
54,4900
55,4800
54,4800
144,12300
760,57700
54,5600
54,4500
54,5400
55,5400
66,7400
54,4900
58,4900
54,4300
181,17100
54,4700
605,48900
68,6800
54,4700
113,9701
283,22800
54,4800
850,101700
54,5700
54,4000
54,3800
55,7700
54,6500
66,7200
58,4500
54,4100
181,15800
54,4200
605,48100
68,7700
54,4300
113,8400
283,22500
54,4000
850,64300
54,4400
54,3500
54,3500
55,3500
54,3500
66,6200
58,3800
54,3600
181,15400
54,3900
605,46201
68,6100
54,3800
113,9100
299,21200
54,3600
144,10700
760,54500
54,13500
54,7000
54,5400
55,5300
54,4800
66,7800
58,4600
54,4200
181,18400
54,4200
605,53800
68,7200
54,4400
113,10000
283,21900
54,4100
850,79800
54,6900
54,5400
54,5100
55,4800
54,4700
66,7500
58,6100
54,5100
181,17800
54,5200
605,48900
68,6600
54,4100
113,8700
299,22000
54,4400
850,63700
54,4500
54,3600
54,3400
55,3600
54,4100
66,6200
58,4100
54,3400
181,15200
54,3800
55,3500
54,3500
605,47600
68,7500
54,4100
113,9500
299,22300
54,4300
850,64200
54,4500
54,3401
54,3400
55,3900
54,3600
66,6500
58,4600
54,3300
181,15000
54,3800
605,47400
68,6300
54,3800
113,8700
283,22700
54,4200
144,10300
760,57900
54,12400
54,7000
54,5400
55,5800
54,5500
66,9200
58,5500
54,4500
181,18500
54,4800
605,54500
68,7300
54,4800
113,10900
283,22700
54,4600
850,68100
54,5500
54,4600
54,4300
55,4800
54,4700
66,7400
58,4900
54,5500
181,17900
54,5000
605,60901
68,7600
54,4700
113,10200
299,23300
54,15200
850,71700
54,5400
54,3800
54,4700
55,4700
54,4500
66,7200
58,4900
54,4400
181,17400
54,4600
605,48000
68,6700
54,4400
113,10900
283,23600
54,5400
144,13600
760,60500
54,5400
54,4500
54,3900
55,4900
54,4500
66,7300
58,5300
54,4200
181,16701
54,5200
605,49200
68,7000
54,5000
113,9600
299,25200
54,5200
144,11600
760,58000
54,6300
54,5000
54,4900
55,5200
54,4500
66,7200
58,5400
54,4400
181,17000
54,4700
55,4900
605,49900
68,7200
54,4800
54,4600
113,10800
299,25200
54,4800
144,12400
760,79900
54,6300
54,3900
54,3700
55,3800
54,3700
66,6500
58,4100
54,12301
181,22600
54,5500
605,54700
68,7600
54,4600
113,9700
283,21800
54,4500
850,64300
54,5000
54,3700
54,3500
55,4000
54,3900
66,6600
58,4000
54,3100
181,14900
54,4300
605,52100
68,6100
54,4200
113,11200
299,25200
54,4500
144,11500
760,69500
54,6200
54,4500
54,4900
55,4900
54,4800
66,7700
58,5700
54,4500
181,16900
54,5100
605,49300
68,7200
54,4700
113,10100
299,24100
54,5200
144,11400
760,59400
54,6300
54,5000
54,4800
55,5100
54,4700
66,7800
58,5200
54,4500
181,17100
54,5100
55,4900
54,4700
605,49300
68,7100
54,4700
113,10100
283,22200
54,4900
144,11500
760,59800
54,5400
54,4500
54,4500
55,4800
54,4500
66,7300
58,5100
54,5300
181,17700
54,5200
605,49700
68,7000
54,4800
113,10000
283,21800
54,4900
850,64600
54,5000
54,4800
54,4600
55,4900
54,4400
66,9600
58,6000
54,4300
181,17200
54,4800
605,48800
68,6700
54,5700
113,10600
299,24200
54,4900
144,11400
760,60900
54,5200
54,4500
54,4500
55,4700
54,4300
66,7300
58,5300
54,4100
181,15900
54,5000
605,48800
68,6900
54,4600
55,4300
113,9200
299,23400
54,5000
54,4200
850,64400
54,5600
54,4700
54,4500
66,7200
66,6200
54,4600
213,30800
306,52001
162,31100
306,39900
1202,111700
1202,97300
54,7600
72,8400
314,33400
208,25100
138,19200
182,32800
278,37400
54,5600
55,5100
54,4600
66,7400
58,5200
54,4200
181,16900
54,4800
605,49400
68,6900
54,4800
113,10300
299,23000
54,5000
850,66600
54,11100
54,10700
54,5900
55,5700
54,5400
66,9000
58,5800
54,4100
181,18300
54,5200
605,53800
68,7800
54,4700
113,10200
299,24800
54,4900
144,12400
760,59800
54,5300
54,4600
54,4500
126,17700
126,16300
126,16400
126,38800
54,8300
55,7100
54,5300
66,9100
58,5100
54,4200
181,22300
54,4500
605,59200
68,7400
54,4400
113,9000
299,24300
54,4200
850,70200
54,4600
54,3400
54,3800
55,3900
54,3600
66,6400
58,4700
54,3900
181,14600
54,3900
605,48400
68,7200
54,4500
113,9600
299,24001
54,4000
850,81300
54,5100
54,3600
54,3900
55,4200
54,3800
66,6500
58,4400
54,33000
181,16800
54,4200
605,46900
68,6000
54,3800
113,8800
299,22600
54,5300
850,67200
54,4900
54,3200
54,3600
55,3400
54,3500
66,6000
58,4400
54,3500
181,14700
54,3700
55,3800
54,3400
605,46001
68,6500
54,4100
113,8900
299,22600
54,3900
144,11100
760,62200
54,5200
54,4200
54,4100
55,3600
54,3600
66,6200
58,4200
54,3500
181,16000
54,3900
605,47900
68,6100
54,4000
113,9000
283,23300
54,4800
144,13600
760,73500
54,7400
54,4900
54,4800
55,5300
54,5000
66,7700
58,5800
54,4501
181,17500
54,5100
605,61100
68,10500
54,5400
113,10400
299,25300
54,5400
850,73600
54,5300
54,4500
54,4600
55,4900
54,4800
66,7400
58,4900
54,4900
181,17200
54,5400
605,49100
68,7800
54,4600
113,10200
299,24200
54,4700
144,13400
760,71501
54,5700
54,3800
54,3500
55,3600
54,3700
66,6400
58,3700
54,3400
181,15800
54,3700
605,47000
68,6800
54,3800
113,9700
299,24300
54,4000
144,11100
760,64400
54,4400
54,3800
54,3800
66,6600
58,4800
55,3900
54,3800
245,29200
54,4300
54,4300
682,74800
54,5700
204,15500
54,3700
129,10101
54,3900
227,21100
54,3900
67,5300
54,3400
66,6300
58,3900
54,3400
245,25800
54,3700
682,54100
54,4400
204,17700
54,26000
129,21400
54,5900
195,20000
54,4300
67,5900
54,4300
66,7500
58,4500
54,4100
181,18900
54,4200
605,81300
68,7400
54,3800
113,11300
299,38800
54,6100
55,6200
850,86600
54,5500
54,4600
54,4600
54,4900
66,7500
55,5800
54,4900
58,5300
54,3800
181,21000
54,5200
605,148201
68,8500
54,4300
113,9800
299,26500
54,4000
144,12900
760,75200
54,4700
54,3400
54,3400
54,3500
54,4000
66,6300
58,4500
54,3200
54,3300
54,3100
245,30000
54,4000
682,57000
54,17400
204,24300
54,18100
129,15000
54,5300
707,70901
54,6000
55,5700
54,5100
267,28800
54,5400
66,8000
58,5600
54,5100
181,18300
54,5100
605,57800
68,8700
54,4700
113,10300
299,24100
54,5600
850,75100
54,6300
54,5000
54,4800
55,4600
54,4700
66,7900
58,6300
54,4400
181,17500
54,5100
605,51600
68,8600
54,4900
113,10700
283,21600
54,5500
850,74000
54,5200
54,4400
54,4500
55,4900
54,5000
66,7500
58,5000
54,4400
181,17800
54,5100
605,50300
68,7600
54,4900
113,9400
283,39300
54,7200
850,91600
54,7900
54,5100
54,4500
55,5300
54,5700
66,7600
55,3900
54,3701
58,4600
54,3500
181,15800
54,3700
605,48000
68,6400
54,11400
113,25600
299,34800
54,6200
850,97900
54,5200
54,4300
54,4400
55,5100
54,4400
66,7900
58,5500
54,4900
181,23100
54,5700
605,56401
68,8700
54,5200
113,12500
283,29000
54,4800
850,75300
54,37100
54,11000
54,8900
55,9700
54,7900
66,13900
58,8100
54,5700
181,32500
54,5900
605,71200
68,8400
54,5000
113,12401
283,27100
54,5300
144,13000
760,67800
54,5600
54,4900
54,4600
55,4800
54,5000
66,7400
58,5400
54,4800
181,16900
54,6100
605,51600
68,7300
54,4700
113,10800
283,24100
54,5200
850,70800
54,5600
54,4500
54,4700
55,5000
54,4600
66,7500
58,5600
54,4300
181,16500
54,5000
605,48701
68,7100
54,4700
113,9600
283,23300
54,5900
144,13000
760,95100
54,7300
54,4900
54,5800
55,6600
54,5700
66,9100
58,6700
54,5000
181,21800
54,5600
605,62900
68,10300
54,6400
55,5600
54,5700
113,13700
299,30600
54,6100
144,15801
760,78600
54,9200
54,5600
54,4000
107,9400
54,4300
55,4100
54,3800
66,6700
58,4100
54,3500
181,18000
54,3800
605,47600
68,6500
54,3900
113,9900
299,23700
54,3900
144,11400
760,55300
54,4600
54,3800
54,3400
55,3500
54,3700
66,6300
58,5000
54,4100
181,15900
54,3900
605,60901
68,8700
54,5400
113,10300
299,24700
54,5200
850,73900
54,4800
54,3700
54,3800
55,3700
54,3800
107,8600
54,3600
66,6400
58,4400
54,3500
181,15800
54,3900
605,47100
68,7000
54,4400
113,10300
299,23600
54,4300
850,65500
54,4400
54,3500
54,3600
55,3600
54,3700
66,6500
58,3900
54,3200
181,15201
54,3700
605,45900
68,6100
54,3800
113,9200
283,20300
54,4000
144,11300
760,57900
54,5100
54,3700
54,3600
55,3700
54,3900
66,6500
58,4300
54,3400
181,14800
54,3800
605,44500
68,6000
54,3400
113,8300
283,21400
54,4000
144,10000
760,69200
54,6200
54,4800
54,4800
55,4900
54,4900
66,7500
58,15401
54,7600
181,21300
54,5900
605,56100
68,7800
54,5400
113,10600
299,23200
54,5100
850,70500
55,6000
54,4700
54,4900
54,4600
54,5000
55,5400
66,7800
54,5000
58,5100
54,4400
181,16700
54,4800
605,50600
68,8000
54,9800
113,13200
299,26600
54,5300
144,12401
760,59700
54,5400
54,4500
54,4000
55,5100
54,4800
66,7900
58,5300
54,4300
181,16600
54,4600
605,50500
68,7300
54,4700
113,9500
283,22500
54,4800
850,70100
54,6200
54,5000
54,4500
55,5000
54,4900
54,4700
54,4600
54,4400
54,4600
54,4200
54,4100
66,7600
58,5200
54,4400
181,17600
54,4700
605,50201
68,7400
54,4800
113,9900
283,20900
54,4700
850,66000
54,5200
54,4600
54,5200
55,5300
54,4900
66,7500
58,5600
54,4600
181,28300
54,5500
605,50600
68,7500
54,4800
113,40800
283,25600
54,4500
850,65900
54,5200
54,3500
54,3800
55,4300
54,4000
66,6800
58,4600
54,3501
181,16400
54,4500
605,47300
68,7400
54,4600
113,9800
283,19800
54,4200
850,63500
54,4800
54,3400
54,3300
55,3900
54,3900
66,6500
58,4000
54,3300
181,15200
54,4000
605,45000
68,6200
54,3900
55,4000
54,3700
113,18400
299,25700
54,5000
144,12400
760,61400
54,5600
54,4500
54,4300
55,5000
54,4800
66,7500
58,5000
54,4200
181,16400
54,4400
605,48800
68,7000
54,4600
113,9800
299,25500
54,13900
144,15000
760,69200
54,5600
54,3800
54,3700
55,5000
54,4200
66,6700
58,4000
54,3200
181,16000
54,3700
605,48800
68,6600
54,4000
113,9500
283,22600
54,3800
850,63201
54,4400
54,3400
54,3300
55,3800
54,3700
66,6300
58,4100
54,3400
181,15100
54,3600
605,45100
68,7100
54,4000
113,8700
283,21000
54,3700
144,11000
760,55300
54,4500
54,3600
54,3100
55,3600
54,3600
66,6000
58,4300
54,3300
181,14900
54,3700
605,45800
68,6300
54,3500
113,8800
299,21800
54,3900
850,61100
54,20400
54,12300
54,6700
55,7900
54,6800
66,11800
58,7300
54,6700
181,33800
54,7000
605,76401
68,8100
54,4500
113,10800
299,24700
54,4300
55,4100
54,4200
144,12300
760,67700
54,4400
54,3400
54,3600
55,4600
54,4300
66,7200
58,4100
54,3200
181,15700
54,3600
605,48200
68,6600
54,3800
113,9000
283,23600
54,3700
144,10300
760,56700
54,4700
54,8400
54,3300
55,3600
54,3900
66,6200
58,4300
54,3100
181,15700
54,4500
605,53500
68,8900
54,4200
113,10400
299,33400
54,4000
144,12600
760,100600
54,9900
54,5700
54,10400
55,5200
54,5000
66,8000
58,5300
54,4400
181,18000
54,4800
605,64600
68,9100
54,4900
113,12300
283,26800
54,5001
850,93100
54,10400
54,6000
54,6300
55,4700
54,4300
66,8800
58,4800
54,7400
181,20000
54,5400
605,61000
68,8800
54,4500
55,4200
113,11100
299,34300
54,4200
54,3800
850,92400
54,4500
54,3900
54,4401
55,4000
54,23600
66,25200
58,9000
54,6000
181,21700
54,6300
605,63200
68,8300
54,5800
113,11500
283,24000
54,5500
144,12000
760,64000
54,5400
54,4900
54,4700
55,5000
54,4700
66,7600
58,11100
54,5300
181,18500
54,4500
605,51000
68,8000
54,4800
113,9700
299,22600
54,4000
850,68301
54,4700
54,3900
54,3600
55,3900
54,3700
66,6600
58,4500
54,3800
181,16300
54,4000
605,48000
68,6700
54,4100
113,8600
283,21300
54,3900
144,21400
760,66700
54,6300
54,5000
54,4800
55,5000
54,4600
66,7600
58,5200
54,4400
181,17600
54,5000
605,50500
68,6800
54,4900
113,10000
299,25201
54,4900
850,72900
54,5200
54,4300
54,4300
55,4900
54,4600
66,7200
58,6000
54,4600
181,16900
54,4900
605,50100
68,6900
54,4500
113,9500
299,24000
54,4700
144,11200
760,59300
54,5200
54,4600
54,4300
55,5100
54,4700
66,8200
58,6100
54,4500
394,30600
54,4700
349,25000
54,4700
54,12200
54,7100
66,9500
58,6400
54,5100
219,37000
54,6700
967,97801
54,5400
100,9800
54,5500
145,12400
54,4600
819,66300
54,5500
275,21800
54,5000
54,4500
54,4600
66,7400
58,5600
54,4400
181,17500
54,5100
605,48600
68,8800
54,5500
55,5400
54,5100
113,10900
299,25500
54,5100
850,67600
54,5200
54,4500
54,4500
55,5200
54,4700
66,7300
58,5300
54,4400
181,16701
54,4700
605,49000
68,6800
54,5000
113,10000
283,22600
54,5700
850,68200
54,5200
54,4100
54,4700
55,5000
54,4800
66,7200
58,5400
54,4400
181,27500
54,6000
605,50100
68,7000
54,4300
113,9500
299,25000
54,4700
850,62600
54,6600
54,5100
54,4600
55,5000
54,4700
66,7400
58,5100
54,4700
181,16500
54,4900
605,49000
68,7200
54,4900
113,9800
299,23700
54,4700
144,12400
760,54400
54,5200
54,4100
54,3500
55,3700
54,3800
66,6500
58,3900
54,3200
181,15500
54,3800
605,46800
68,7100
54,4200
113,8900
299,22300
54,4100
850,62600
54,4300
54,3300
54,3500
55,4001
54,3700
66,6200
58,4400
54,3300
181,15600
54,4100
605,46700
68,6100
54,3900
113,8900
299,21800
54,11500
144,15900
760,76200
54,6700
54,5300
54,4600
55,5000
54,5400
66,8001
58,5600
54,4600
181,18200
54,5600
605,52100
68,7600
54,5300
113,10300
299,24300
54,5000
55,5000
850,66100
54,5700
54,5800
54,5500
54,5000
66,8100
55,5000
54,4600
58,5000
54,4500
181,15900
54,4700
605,49100
68,7300
54,4900
113,9900
299,24400
54,5000
850,66101
54,5300
54,4500
54,4300
55,4500
54,4700
66,7100
58,5200
54,4400
181,16300
54,4600
605,49000
68,8100
54,5200
113,9800
283,22500
54,4700
144,11300
760,57700
54,5200
54,4700
54,4300
55,6500
54,5300
66,7500
58,5000
54,4300
181,17000
54,4700
605,49100
68,6700
54,4500
113,9500
299,22700
54,4700
850,68701
54,5600
54,4400
54,4500
55,5100
54,4200
66,7300
58,5200
54,4400
181,16700
54,4700
605,49400
68,7600
54,4600
113,9700
299,23900
54,4900
144,12200
760,60400
54,5000
54,3900
54,4500
55,4200
54,4100
66,6700
58,4300
54,3500
181,16500
54,3900
605,46800
68,6700
54,3500
113,8800
299,22800
54,3901
850,63700
54,4400
54,3400
54,3300
55,3600
54,3500
66,6600
55,3600
54,3600
58,3800
54,3200
181,14800
54,3700
605,57300
68,15600
54,7500
113,13400
283,38500
54,7400
850,69201
54,5500
54,4000
54,3500
55,4000
54,4200
66,7100
58,4600
54,3600
181,16700
54,4000
605,48100
68,6400
54,3900
113,8500
299,23300
54,4000
144,10400
760,59700
54,4900
54,3500
54,3500
66,7000
58,4100
54,3600
245,25100
54,4100
682,54000
54,4800
204,17100
54,3600
129,10700
54,3600
211,15600
54,3900
67,4500
54,3400
55,3500
54,3500
66,6200
58,4100
54,3200
181,14800
54,3600
605,46300
68,7000
54,4300
113,10500
299,23700
54,3800
850,64100
54,4300
54,3200
54,3200
55,3400
54,3500
66,6200
58,4800
54,3300
181,15000
54,3500
605,66400
68,8400
54,5200
113,9300
299,21200
54,6000
144,19100
760,58701
54,5100
54,4700
54,5300
55,5000
54,4800
66,7700
58,5200
54,4300
181,17600
54,4800
605,48800
68,7000
54,5000
113,10100
299,23200
54,5200
144,12500
760,57300
54,14000
54,6500
54,6000
55,5000
54,4700
66,8500
58,4900
54,3800
181,19800
54,16600
605,59400
68,7600
54,5300
113,12100
283,23400
54,5100
144,13100
760,61900
54,5500
54,4600
54,4400
55,4900
54,4700
66,7700
58,5300
54,4600
181,17400
54,5000
605,51300
68,8500
54,5900
55,5100
54,4800
113,10000
283,24801
54,5200
144,12800
760,63500
54,5100
54,4500
54,4900
55,4800
54,4400
66,7300
58,5100
54,4500
181,18900
54,5100
605,50200
68,7100
54,4500
113,10600
283,21900
54,5600
144,12700
760,76800
54,5900
54,4600
54,4400
55,4700
54,4500
66,7300
58,5300
54,4700
181,27500
54,5701
605,50500
68,7200
54,4800
113,10000
283,22300
54,4900
144,11200
760,60500
54,14400
54,6500
54,5400
55,5100
54,4900
66,8200
58,4701
54,3800
181,19400
54,4500
605,54400
68,6800
54,3800
113,9700
283,24100
54,4300
144,11600
760,60500
54,4400
54,3300
54,3500
55,16500
54,6100
66,9500
58,6600
54,4800
181,19600
54,4000
605,48500
68,7300
54,4400
113,9800
283,22500
54,3900
144,10800
760,59401
54,4500
54,3300
54,3400
55,3600
54,3500
66,6300
58,4000
54,3100
181,15500
54,3900
605,46600
68,6400
54,3800
113,8100
283,21900
54,5000
144,11700
760,59500
54,4600
54,3300
54,3500
55,3700
54,3400
66,6200
58,4100
54,3100
181,15200
54,3400
55,3300
605,46400
68,6100
54,3600
54,3500
113,9000
299,22200
54,3800
144,10500
760,57201
54,4900
54,3900
54,3700
107,8000
54,3400
54,3200
54,2800
55,3400
54,3300
66,6100
58,3800
54,3200
181,26100
54,31100
605,52100
68,7500
54,4800
113,9600
283,23400
54,5100
850,64800
54,5600
54,4700
54,4800
55,5000
54,4800
66,7300
58,5200
54,4400
181,16600
54,12200
605,107501
68,10300
54,5500
113,13200
283,27000
54,5300
144,13200
760,65800
54,5700
54,4700
54,4700
55,4900
54,5000
66,8500
58,5300
54,4700
181,17600
54,4900
605,50700
68,7000
54,4500
113,8200
283,48700
54,6900
144,14800
760,62800
54,5500
54,3900
54,3700
55,3700
54,4000
66,7500
58,4300
54,3400
181,29700
54,5400
605,53800
68,6600
54,3900
113,8600
299,24000
54,4200
144,11300
760,59500
54,5900
54,3601
54,4300
55,3800
54,3800
66,6400
58,5200
54,3500
181,15600
54,4300
605,47800
68,6500
54,4200
113,9200
299,22900
54,3900
850,66700
55,5100
54,3800
54,3000
54,3200
54,3600
55,3500
66,6000
54,3500
58,3600
54,3200
181,15800
54,11100
605,74001
68,9400
54,4700
113,12200
299,25100
54,4600
144,12600
54,4100
760,61300
54,4500
54,3200
54,3300
55,3500
54,3600
66,6400
58,4000
54,3200
181,15500
54,3700
605,45900
68,11700
54,4900
113,9000
299,23200
54,3900
850,64800
54,4300
54,20700
54,5800
55,4800
54,4700
66,7900
58,5700
54,4500
181,17200
54,4900
605,50600
68,8200
54,4800
113,9600
299,27000
54,5200
850,71500
54,6100
54,4800
54,4500
55,5200
54,4800
54,4600
54,4600
54,4300
66,7400
58,5300
54,5900
181,18300
54,5600
605,60700
68,9200
54,4600
113,11800
299,28300
54,5300
850,70301
54,5200
54,4500
54,4300
55,4900
54,4500
66,7800
58,5100
54,4200
181,37700
54,7000
605,61500
68,8300
54,4900
113,10900
283,26100
54,4200
850,75500
54,5100
54,3300
54,3600
55,4300
54,3500
66,7700
58,3900
54,3400
181,27600
54,4100
605,49901
68,7000
54,3600
55,3500
113,10800
299,29000
54,4000
54,4000
850,88000
54,6700
54,5100
54,4900
55,5000
54,4800
66,7500
58,5500
54,4600
181,18200
54,5600
605,52000
68,7700
54,4600
113,10000
299,28000
54,4700
144,14700
760,64000
54,6700
54,5900
54,4600
55,4800
54,4500
66,7500
58,5700
54,4500
181,18800
54,5100
605,50500
68,7600
54,4600
113,11300
283,25800
54,4800
850,72400
54,5200
54,4800
54,4600
110,24000
110,11300
55,5100
54,4600
66,7100
58,22900
54,8100
181,26400
54,5000
605,68300
68,8100
54,4300
113,10000
299,27000
54,4200
144,12700
760,66700
54,5300
54,3500
54,3800
55,4500
54,3800
66,8100
58,4300
54,3200
181,16000
54,4500
605,48800
68,9200
54,4200
113,9500
283,29600
54,4000
144,10700
760,75801
54,4200
54,3500
54,3300
55,4000
54,3500
66,6600
58,3900
54,3300
181,15100
54,3600
605,47500
68,7000
54,4000
113,14100
299,45700
54,5500
144,11700
760,72100
54,5000
54,3700
54,3600
55,3900
54,3600
66,6600
58,3800
54,3300
181,15300
54,3500
605,49100
68,7000
54,3600
113,8300
299,22800
54,3600
55,3900
144,10601
54,3900
760,61000
54,5300
54,3500
54,3200
66,6400
55,4600
54,4300
58,4300
54,3500
181,16500
54,3900
605,45900
68,6200
54,3500
113,8300
299,22300
54,4000
144,9800
760,53900
54,4400
54,3400
54,3500
55,3500
54,3500
66,6000
58,3900
54,3600
181,15300
54,3500
605,46200
68,8200
54,4000
113,8300
299,25500
54,4001
850,206600
54,6000
54,3600
54,3500
55,3800
54,3500
66,6600
58,4300
54,3300
181,15500
54,3600
605,49400
68,6000
54,3600
113,7500
299,25400
54,3900
144,11800
760,57700
54,399701
54,62600
54,12400
55,14000
54,15200
66,36000
58,16700
54,10800
181,33100
54,4600
605,93301
68,7700
54,7400
113,17900
283,31600
54,5200
144,13800
760,71100
54,5600
54,4200
54,4400
55,4400
54,4500
66,7400
58,6400
54,5000
181,17300
54,4800
605,48900
68,6700
54,3700
113,9400
283,22200
54,4000
144,10200
760,56101
54,4300
54,3500
54,3100
55,3500
54,3500
66,6300
58,4100
54,3400
181,14600
54,3600
605,46800
68,7300
54,4200
55,3500
54,3700
113,9100
283,23500
54,3800
850,74200
54,4300
54,3300
54,3400
55,3300
54,3400
66,6900
58,3900
54,3300
181,14600
54,3700
605,46400
68,5900
54,3600
113,10100
283,21700
54,3500
850,82901
54,6900
54,5000
54,4600
55,4800
54,4700
66,7800
58,5600
54,4600
181,17100
54,5100
605,49100
68,6900
54,4500
113,10300
299,22800
54,5000
144,11200
760,59200
54,5300
54,4400
54,4400
55,4500
54,4800
66,7000
58,4700
54,18100
181,24900
54,6200
605,67600
68,8400
54,5200
113,11000
299,25200
54,5100
144,11800
760,65600
54,5200
54,4500
54,4600
55,4600
54,4900
66,7800
58,5000
54,4200
181,16100
54,4500
605,48800
68,8300
54,5100
113,11000
283,21900
54,4800
850,68300
54,5300
54,4600
54,4500
55,4700
54,4700
66,7400
58,5400
54,4600
181,16400
54,4700
605,50000
68,6700
54,4800
113,9400
283,22400
54,5100
850,66100
54,5700
54,5000
54,4900
55,4900
54,4500
66,7400
58,5300
55,4800
54,4400
181,16300
54,4500
54,4500
605,48101
68,16900
54,8200
113,14900
299,24800
54,4200
850,65800
54,4900
54,3500
54,3700
55,3700
54,3500
66,6600
58,4100
54,3700
181,17700
54,4600
605,48000
68,6700
54,3900
113,8700
299,22900
54,3800
144,10200
760,57000
54,4500
54,3500
54,3300
55,3400
54,3400
66,6000
58,4000
54,3100
181,14600
54,4000
605,45701
68,5900
54,3700
113,9300
299,23900
54,4100
144,10500
760,55900
54,4300
54,3300
54,3400
55,3600
54,3300
66,6400
58,4000
54,3300
181,14900
54,3700
605,45300
68,5600
54,3900
113,8900
283,20400
54,3900
850,62500
54,5200
54,3700
54,7100
55,5400
54,5000
66,7400
58,5800
54,4800
181,16101
54,5000
605,50600
68,7300
54,5600
113,10700
283,22300
54,4800
55,5000
54,4500
144,11800
760,60800
54,5200
54,4500
54,4800
66,7200
55,5100
54,4600
58,5100
54,4300
181,26700
54,6500
605,53000
68,7600
54,4200
113,9400
299,21801
54,4400
144,12100
760,55900
54,5900
54,3600
54,3500
55,3800
54,3600
66,12300
58,4200
54,3200
181,14900
54,16300
605,50300
68,7400
54,5900
113,10900
283,23200
54,4900
850,67300
54,5100
54,4300
54,4400
55,4700
54,4400
66,7200
58,5400
54,4500
181,16900
54,4800
605,48201
68,7300
54,4800
113,10100
299,23100
54,5100
850,66900
54,6200
54,5200
54,5000
55,4700
54,4600
66,7100
58,5500
54,4700
181,16900
54,4600
605,49800
68,7200
54,4600
113,10300
299,23100
54,4900
144,12800
760,57400
54,5000
54,3500
54,3700
55,3700
54,3400
66,6100
58,4500
54,3000
181,15400
54,45700
605,102600
68,8700
54,6100
113,13600
283,29801
54,5700
144,13200
760,73400
54,5600
54,4900
54,4900
55,5300
54,4700
66,8600
58,5600
54,4900
181,18000
54,5300
605,49200
68,7500
54,4700
113,9400
299,26900
54,5400
144,13600
760,60700
54,5300
54,4700
54,4700
55,4700
54,4500
66,7400
55,4700
58,5300
54,4500
181,17000
54,5000
54,4600
605,53501
68,7000
54,4300
113,8400
283,21300
54,14900
144,15100
760,62100
54,6500
54,5100
54,4700
66,7500
58,5600
54,4600
238,25800
54,5100
197,19700
54,5200
105,11200
54,4700
181,18000
54,4800
1202,91300
431,35700
54,5500
69,8901
133,15600
66,7900
58,5400
54,4900
237,25200
54,5500
1112,108800
54,5800
1202,104600
209,18400
54,5400
204,17500
54,4900
129,10600
54,4600
195,15000
54,4600
1107,79900
54,7501
499,41600
54,5200
55,5200
54,4600
66,7700
58,5200
54,4600
181,16900
54,5000
605,48700
68,7100
54,4900
113,9900
283,21900
54,5200
850,67100
54,6100
54,5000
54,5000
55,5000
54,4600
66,7300
58,4800
54,4400
181,16100
54,4800
605,47100
68,7300
54,4800
113,9500
299,21700
54,5000
850,63001
54,5300
54,3700
54,3700
66,6400
58,4700
54,3600
245,23400
54,4100
682,51900
54,5300
204,17000
54,4400
129,9800
54,4000
771,55500
54,4600
267,20700
54,4100
55,4000
54,3400
66,6600
58,4000
54,3300
181,25900
54,5700
605,50400
68,7500
54,4700
113,9100
283,20500
54,11800
850,91800
54,6300
54,5200
54,4600
55,4900
54,4600
66,7900
58,5400
54,4400
181,17600
54,4900
605,51000
68,7600
54,4700
113,9400
299,24800
54,4700
144,11100
760,57401
54,12400
54,6800
54,5500
55,5600
54,5100
66,9200
58,16800
54,9100
181,22200
54,5500
605,52800
68,7400
54,4200
113,9000
299,23500
54,4500
850,64501
54,4700
54,3600
54,3400
55,3600
54,3700
66,6600
58,4200
54,3200
181,15400
54,3500
605,56300
68,8900
54,5600
113,10500
299,24800
54,5000
55,4700
54,4900
850,67600
54,5600
54,4400
54,4400
55,4500
54,4400
66,7500
58,5100
54,4300
181,16500
54,4600
605,48300
68,7000
54,5200
113,10000
299,22000
54,6100
144,12401
760,57100
54,5400
54,4400
54,4400
55,4500
54,4500
66,7100
58,4700
54,4100
181,16200
54,4300
605,74300
68,8000
54,4500
113,9300
299,22800
54,4400
850,65600
54,4800
54,4900
54,4000
55,3700
54,3600
66,6800
58,4000
54,3400
181,15600
54,3900
605,47400
68,6600
54,3900
113,8400
283,20701
54,4000
144,11100
760,56000
54,4500
54,3500
54,3600
55,3700
54,3400
66,5900
58,4300
54,3400
181,15600
54,3600
605,45100
68,7100
54,4500
113,8700
283,22600
54,3700
850,62000
54,4900
54,3300
54,3500
55,3700
54,3500
66,6100
58,3900
54,3100
181,15000
54,3300
605,45800
68,6500
54,3300
113,8100
299,22800
54,3600
144,14300
760,60000
54,5500
54,4400
54,4200
55,4700
54,4700
66,7500
58,5100
54,4700
181,16600
54,4700
55,4600
605,48600
68,7200
54,4600
54,4500
113,9700
283,21700
54,4700
850,68600
54,5600
54,3900
54,4500
55,4000
54,4000
66,6400
58,4100
54,3200
181,14900
54,3700
605,46600
68,6200
54,3600
113,8500
283,19700
54,3800
850,62600
54,4600
54,3500
54,3300
107,7700
55,4000
54,3600
54,3400
66,6200
58,3700
54,3300
181,15100
54,3700
605,45800
68,6900
54,4200
113,8800
299,22500
54,4000
850,60000
54,4200
54,3400
54,3400
55,3500
54,3300
66,6400
58,3700
54,3100
181,25800
54,6200
605,49000
68,7200
54,4601
113,10100
299,23100
54,4900
850,64900
54,6000
54,5000
54,4600
55,4900
54,4500
